AllDates,Time,Year
11-Feb-85,0.112,1985
19-Feb-85,0.134,1985
27-Feb-85,0.156,1985
07-Mar-85,0.178,1985
15-Mar-85,0.2,1985
23-Mar-85,0.222,1985
31-Mar-85,0.244,1985
08-Apr-85,0.266,1985
16-Apr-85,0.287,1985
24-Apr-85,0.309,1985
02-May-85,0.331,1985
10-May-85,0.353,1985
18-May-85,0.375,1985
26-May-85,0.397,1985
03-Jun-85,0.419,1985
11-Jun-85,0.441,1985
19-Jun-85,0.463,1985
27-Jun-85,0.485,1985
05-Jul-85,0.507,1985
13-Jul-85,0.528,1985
21-Jul-85,0.55,1985
29-Jul-85,0.572,1985
06-Aug-85,0.594,1985
14-Aug-85,0.616,1985
22-Aug-85,0.638,1985
30-Aug-85,0.66,1985
07-Sep-85,0.682,1985
15-Sep-85,0.704,1985
23-Sep-85,0.726,1985
01-Oct-85,0.747,1985
09-Oct-85,0.769,1985
17-Oct-85,0.791,1985
25-Oct-85,0.813,1985
02-Nov-85,0.835,1985
10-Nov-85,0.857,1985
18-Nov-85,0.879,1985
26-Nov-85,0.901,1985
04-Dec-85,0.923,1985
12-Dec-85,0.945,1985
20-Dec-85,0.966,1985
28-Dec-85,0.988,1985
05-Jan-86,1.01,1986
13-Jan-86,1.032,1986
21-Jan-86,1.054,1986
29-Jan-86,1.076,1986
06-Feb-86,1.098,1986
14-Feb-86,1.12,1986
22-Feb-86,1.142,1986
02-Mar-86,1.164,1986
10-Mar-86,1.185,1986
18-Mar-86,1.207,1986
26-Mar-86,1.229,1986
03-Apr-86,1.251,1986
11-Apr-86,1.273,1986
19-Apr-86,1.295,1986
27-Apr-86,1.317,1986
05-May-86,1.339,1986
13-May-86,1.361,1986
21-May-86,1.383,1986
29-May-86,1.405,1986
06-Jun-86,1.426,1986
14-Jun-86,1.448,1986
22-Jun-86,1.47,1986
30-Jun-86,1.492,1986
08-Jul-86,1.514,1986
16-Jul-86,1.536,1986
24-Jul-86,1.558,1986
01-Aug-86,1.58,1986
09-Aug-86,1.602,1986
17-Aug-86,1.624,1986
25-Aug-86,1.645,1986
02-Sep-86,1.667,1986
10-Sep-86,1.689,1986
18-Sep-86,1.711,1986
26-Sep-86,1.733,1986
04-Oct-86,1.755,1986
12-Oct-86,1.777,1986
20-Oct-86,1.799,1986
28-Oct-86,1.821,1986
05-Nov-86,1.843,1986
13-Nov-86,1.864,1986
21-Nov-86,1.886,1986
29-Nov-86,1.908,1986
07-Dec-86,1.93,1986
15-Dec-86,1.952,1986
23-Dec-86,1.974,1986
31-Dec-86,1.996,1986
08-Jan-87,2.018,1987
16-Jan-87,2.04,1987
24-Jan-87,2.062,1987
01-Feb-87,2.084,1987
09-Feb-87,2.105,1987
17-Feb-87,2.127,1987
25-Feb-87,2.149,1987
05-Mar-87,2.171,1987
13-Mar-87,2.193,1987
21-Mar-87,2.215,1987
29-Mar-87,2.237,1987
06-Apr-87,2.259,1987
14-Apr-87,2.281,1987
22-Apr-87,2.303,1987
30-Apr-87,2.324,1987
08-May-87,2.346,1987
16-May-87,2.368,1987
24-May-87,2.39,1987
01-Jun-87,2.412,1987
09-Jun-87,2.434,1987
17-Jun-87,2.456,1987
25-Jun-87,2.478,1987
03-Jul-87,2.5,1987
11-Jul-87,2.522,1987
19-Jul-87,2.543,1987
27-Jul-87,2.565,1987
04-Aug-87,2.587,1987
12-Aug-87,2.609,1987
20-Aug-87,2.631,1987
28-Aug-87,2.653,1987
05-Sep-87,2.675,1987
13-Sep-87,2.697,1987
21-Sep-87,2.719,1987
29-Sep-87,2.741,1987
07-Oct-87,2.762,1987
15-Oct-87,2.784,1987
23-Oct-87,2.806,1987
31-Oct-87,2.828,1987
08-Nov-87,2.85,1987
16-Nov-87,2.872,1987
24-Nov-87,2.894,1987
02-Dec-87,2.916,1987
10-Dec-87,2.938,1987
18-Dec-87,2.96,1987
26-Dec-87,2.982,1987
03-Jan-88,3.003,1988
11-Jan-88,3.025,1988
19-Jan-88,3.047,1988
27-Jan-88,3.069,1988
04-Feb-88,3.091,1988
12-Feb-88,3.113,1988
20-Feb-88,3.135,1988
28-Feb-88,3.157,1988
07-Mar-88,3.179,1988
15-Mar-88,3.201,1988
23-Mar-88,3.222,1988
31-Mar-88,3.244,1988
08-Apr-88,3.266,1988
16-Apr-88,3.288,1988
24-Apr-88,3.31,1988
02-May-88,3.332,1988
10-May-88,3.354,1988
18-May-88,3.376,1988
26-May-88,3.398,1988
03-Jun-88,3.42,1988
11-Jun-88,3.441,1988
19-Jun-88,3.463,1988
27-Jun-88,3.485,1988
05-Jul-88,3.507,1988
13-Jul-88,3.529,1988
21-Jul-88,3.551,1988
29-Jul-88,3.573,1988
06-Aug-88,3.595,1988
14-Aug-88,3.617,1988
22-Aug-88,3.639,1988
30-Aug-88,3.661,1988
07-Sep-88,3.682,1988
15-Sep-88,3.704,1988
23-Sep-88,3.726,1988
01-Oct-88,3.748,1988
09-Oct-88,3.77,1988
17-Oct-88,3.792,1988
25-Oct-88,3.814,1988
02-Nov-88,3.836,1988
10-Nov-88,3.858,1988
18-Nov-88,3.88,1988
26-Nov-88,3.901,1988
04-Dec-88,3.923,1988
12-Dec-88,3.945,1988
20-Dec-88,3.967,1988
28-Dec-88,3.989,1988
05-Jan-89,4.011,1989
13-Jan-89,4.033,1989
21-Jan-89,4.055,1989
29-Jan-89,4.077,1989
06-Feb-89,4.099,1989
14-Feb-89,4.12,1989
22-Feb-89,4.142,1989
02-Mar-89,4.164,1989
10-Mar-89,4.186,1989
18-Mar-89,4.208,1989
26-Mar-89,4.23,1989
03-Apr-89,4.252,1989
11-Apr-89,4.274,1989
19-Apr-89,4.296,1989
27-Apr-89,4.318,1989
05-May-89,4.339,1989
13-May-89,4.361,1989
21-May-89,4.383,1989
29-May-89,4.405,1989
06-Jun-89,4.427,1989
14-Jun-89,4.449,1989
22-Jun-89,4.471,1989
30-Jun-89,4.493,1989
08-Jul-89,4.515,1989
16-Jul-89,4.537,1989
24-Jul-89,4.559,1989
01-Aug-89,4.58,1989
09-Aug-89,4.602,1989
17-Aug-89,4.624,1989
25-Aug-89,4.646,1989
02-Sep-89,4.668,1989
10-Sep-89,4.69,1989
18-Sep-89,4.712,1989
26-Sep-89,4.734,1989
04-Oct-89,4.756,1989
12-Oct-89,4.778,1989
20-Oct-89,4.799,1989
28-Oct-89,4.821,1989
05-Nov-89,4.843,1989
13-Nov-89,4.865,1989
21-Nov-89,4.887,1989
29-Nov-89,4.909,1989
07-Dec-89,4.931,1989
15-Dec-89,4.953,1989
23-Dec-89,4.975,1989
31-Dec-89,4.997,1989
08-Jan-90,5.018,1990
16-Jan-90,5.04,1990
24-Jan-90,5.062,1990
01-Feb-90,5.084,1990
09-Feb-90,5.106,1990
17-Feb-90,5.128,1990
25-Feb-90,5.15,1990
05-Mar-90,5.172,1990
13-Mar-90,5.194,1990
21-Mar-90,5.216,1990
29-Mar-90,5.238,1990
06-Apr-90,5.259,1990
14-Apr-90,5.281,1990
22-Apr-90,5.303,1990
30-Apr-90,5.325,1990
08-May-90,5.347,1990
16-May-90,5.369,1990
24-May-90,5.391,1990
01-Jun-90,5.413,1990
09-Jun-90,5.435,1990
17-Jun-90,5.457,1990
25-Jun-90,5.478,1990
03-Jul-90,5.5,1990
11-Jul-90,5.522,1990
19-Jul-90,5.544,1990
27-Jul-90,5.566,1990
04-Aug-90,5.588,1990
12-Aug-90,5.61,1990
20-Aug-90,5.632,1990
28-Aug-90,5.654,1990
05-Sep-90,5.676,1990
13-Sep-90,5.697,1990
21-Sep-90,5.719,1990
29-Sep-90,5.741,1990
07-Oct-90,5.763,1990
15-Oct-90,5.785,1990
23-Oct-90,5.807,1990
31-Oct-90,5.829,1990
08-Nov-90,5.851,1990
16-Nov-90,5.873,1990
24-Nov-90,5.895,1990
02-Dec-90,5.916,1990
10-Dec-90,5.938,1990
18-Dec-90,5.96,1990
26-Dec-90,5.982,1990
03-Jan-91,6.004,1991
11-Jan-91,6.026,1991
19-Jan-91,6.048,1991
27-Jan-91,6.07,1991
04-Feb-91,6.092,1991
12-Feb-91,6.114,1991
20-Feb-91,6.136,1991
28-Feb-91,6.157,1991
08-Mar-91,6.179,1991
16-Mar-91,6.201,1991
24-Mar-91,6.223,1991
01-Apr-91,6.245,1991
09-Apr-91,6.267,1991
17-Apr-91,6.289,1991
25-Apr-91,6.311,1991
03-May-91,6.333,1991
11-May-91,6.355,1991
19-May-91,6.376,1991
27-May-91,6.398,1991
04-Jun-91,6.42,1991
12-Jun-91,6.442,1991
20-Jun-91,6.464,1991
28-Jun-91,6.486,1991
06-Jul-91,6.508,1991
14-Jul-91,6.53,1991
22-Jul-91,6.552,1991
30-Jul-91,6.574,1991
07-Aug-91,6.595,1991
15-Aug-91,6.617,1991
23-Aug-91,6.639,1991
31-Aug-91,6.661,1991
08-Sep-91,6.683,1991
16-Sep-91,6.705,1991
24-Sep-91,6.727,1991
02-Oct-91,6.749,1991
10-Oct-91,6.771,1991
18-Oct-91,6.793,1991
26-Oct-91,6.815,1991
03-Nov-91,6.836,1991
11-Nov-91,6.858,1991
19-Nov-91,6.88,1991
27-Nov-91,6.902,1991
05-Dec-91,6.924,1991
13-Dec-91,6.946,1991
21-Dec-91,6.968,1991
29-Dec-91,6.99,1991
06-Jan-92,7.012,1992
14-Jan-92,7.034,1992
22-Jan-92,7.055,1992
30-Jan-92,7.077,1992
07-Feb-92,7.099,1992
15-Feb-92,7.121,1992
23-Feb-92,7.143,1992
02-Mar-92,7.165,1992
10-Mar-92,7.187,1992
18-Mar-92,7.209,1992
26-Mar-92,7.231,1992
03-Apr-92,7.253,1992
11-Apr-92,7.274,1992
19-Apr-92,7.296,1992
27-Apr-92,7.318,1992
05-May-92,7.34,1992
13-May-92,7.362,1992
21-May-92,7.384,1992
29-May-92,7.406,1992
06-Jun-92,7.428,1992
14-Jun-92,7.45,1992
22-Jun-92,7.472,1992
30-Jun-92,7.493,1992
08-Jul-92,7.515,1992
16-Jul-92,7.537,1992
24-Jul-92,7.559,1992
01-Aug-92,7.581,1992
09-Aug-92,7.603,1992
17-Aug-92,7.625,1992
25-Aug-92,7.647,1992
02-Sep-92,7.669,1992
10-Sep-92,7.691,1992
18-Sep-92,7.713,1992
26-Sep-92,7.734,1992
04-Oct-92,7.756,1992
12-Oct-92,7.778,1992
20-Oct-92,7.8,1992
28-Oct-92,7.822,1992
05-Nov-92,7.844,1992
13-Nov-92,7.866,1992
21-Nov-92,7.888,1992
29-Nov-92,7.91,1992
07-Dec-92,7.932,1992
15-Dec-92,7.953,1992
23-Dec-92,7.975,1992
31-Dec-92,7.997,1992
08-Jan-93,8.019,1993
16-Jan-93,8.041,1993
24-Jan-93,8.063,1993
01-Feb-93,8.085,1993
09-Feb-93,8.107,1993
17-Feb-93,8.129,1993
25-Feb-93,8.151,1993
05-Mar-93,8.172,1993
13-Mar-93,8.194,1993
21-Mar-93,8.216,1993
29-Mar-93,8.238,1993
06-Apr-93,8.26,1993
14-Apr-93,8.282,1993
22-Apr-93,8.304,1993
30-Apr-93,8.326,1993
08-May-93,8.348,1993
16-May-93,8.37,1993
24-May-93,8.392,1993
01-Jun-93,8.413,1993
09-Jun-93,8.435,1993
17-Jun-93,8.457,1993
25-Jun-93,8.479,1993
03-Jul-93,8.501,1993
11-Jul-93,8.523,1993
19-Jul-93,8.545,1993
27-Jul-93,8.567,1993
04-Aug-93,8.589,1993
12-Aug-93,8.611,1993
20-Aug-93,8.632,1993
28-Aug-93,8.654,1993
05-Sep-93,8.676,1993
13-Sep-93,8.698,1993
21-Sep-93,8.72,1993
29-Sep-93,8.742,1993
07-Oct-93,8.764,1993
15-Oct-93,8.786,1993
23-Oct-93,8.808,1993
31-Oct-93,8.83,1993
08-Nov-93,8.851,1993
16-Nov-93,8.873,1993
24-Nov-93,8.895,1993
02-Dec-93,8.917,1993
10-Dec-93,8.939,1993
18-Dec-93,8.961,1993
26-Dec-93,8.983,1993
03-Jan-94,9.005,1994
11-Jan-94,9.027,1994
19-Jan-94,9.049,1994
27-Jan-94,9.07,1994
04-Feb-94,9.092,1994
12-Feb-94,9.114,1994
20-Feb-94,9.136,1994
28-Feb-94,9.158,1994
08-Mar-94,9.18,1994
16-Mar-94,9.202,1994
24-Mar-94,9.224,1994
01-Apr-94,9.246,1994
09-Apr-94,9.268,1994
17-Apr-94,9.29,1994
25-Apr-94,9.311,1994
03-May-94,9.333,1994
11-May-94,9.355,1994
19-May-94,9.377,1994
27-May-94,9.399,1994
04-Jun-94,9.421,1994
12-Jun-94,9.443,1994
20-Jun-94,9.465,1994
28-Jun-94,9.487,1994
06-Jul-94,9.509,1994
14-Jul-94,9.53,1994
22-Jul-94,9.552,1994
30-Jul-94,9.574,1994
07-Aug-94,9.596,1994
15-Aug-94,9.618,1994
23-Aug-94,9.64,1994
31-Aug-94,9.662,1994
08-Sep-94,9.684,1994
16-Sep-94,9.706,1994
24-Sep-94,9.728,1994
02-Oct-94,9.749,1994
10-Oct-94,9.771,1994
18-Oct-94,9.793,1994
26-Oct-94,9.815,1994
03-Nov-94,9.837,1994
11-Nov-94,9.859,1994
19-Nov-94,9.881,1994
27-Nov-94,9.903,1994
05-Dec-94,9.925,1994
13-Dec-94,9.947,1994
21-Dec-94,9.969,1994
29-Dec-94,9.99,1994
06-Jan-95,10.012,1995
14-Jan-95,10.034,1995
22-Jan-95,10.056,1995
30-Jan-95,10.078,1995
07-Feb-95,10.1,1995
15-Feb-95,10.122,1995
23-Feb-95,10.144,1995
03-Mar-95,10.166,1995
11-Mar-95,10.188,1995
19-Mar-95,10.209,1995
27-Mar-95,10.231,1995
04-Apr-95,10.253,1995
12-Apr-95,10.275,1995
20-Apr-95,10.297,1995
28-Apr-95,10.319,1995
06-May-95,10.341,1995
14-May-95,10.363,1995
22-May-95,10.385,1995
30-May-95,10.407,1995
07-Jun-95,10.428,1995
15-Jun-95,10.45,1995
23-Jun-95,10.472,1995
01-Jul-95,10.494,1995
09-Jul-95,10.516,1995
17-Jul-95,10.538,1995
25-Jul-95,10.56,1995
02-Aug-95,10.582,1995
10-Aug-95,10.604,1995
18-Aug-95,10.626,1995
26-Aug-95,10.648,1995
03-Sep-95,10.669,1995
11-Sep-95,10.691,1995
19-Sep-95,10.713,1995
27-Sep-95,10.735,1995
05-Oct-95,10.757,1995
13-Oct-95,10.779,1995
21-Oct-95,10.801,1995
29-Oct-95,10.823,1995
06-Nov-95,10.845,1995
14-Nov-95,10.867,1995
22-Nov-95,10.888,1995
30-Nov-95,10.91,1995
08-Dec-95,10.932,1995
16-Dec-95,10.954,1995
24-Dec-95,10.976,1995
01-Jan-96,10.998,1996
09-Jan-96,11.02,1996
17-Jan-96,11.042,1996
25-Jan-96,11.064,1996
02-Feb-96,11.086,1996
10-Feb-96,11.107,1996
18-Feb-96,11.129,1996
26-Feb-96,11.151,1996
05-Mar-96,11.173,1996
13-Mar-96,11.195,1996
21-Mar-96,11.217,1996
29-Mar-96,11.239,1996
06-Apr-96,11.261,1996
14-Apr-96,11.283,1996
22-Apr-96,11.305,1996
30-Apr-96,11.326,1996
08-May-96,11.348,1996
16-May-96,11.37,1996
24-May-96,11.392,1996
01-Jun-96,11.414,1996
09-Jun-96,11.436,1996
17-Jun-96,11.458,1996
25-Jun-96,11.48,1996
03-Jul-96,11.502,1996
11-Jul-96,11.524,1996
19-Jul-96,11.546,1996
27-Jul-96,11.567,1996
04-Aug-96,11.589,1996
12-Aug-96,11.611,1996
20-Aug-96,11.633,1996
28-Aug-96,11.655,1996
05-Sep-96,11.677,1996
13-Sep-96,11.699,1996
21-Sep-96,11.721,1996
29-Sep-96,11.743,1996
07-Oct-96,11.765,1996
15-Oct-96,11.786,1996
23-Oct-96,11.808,1996
31-Oct-96,11.83,1996
08-Nov-96,11.852,1996
16-Nov-96,11.874,1996
24-Nov-96,11.896,1996
02-Dec-96,11.918,1996
10-Dec-96,11.94,1996
18-Dec-96,11.962,1996
26-Dec-96,11.984,1996
03-Jan-97,12.005,1997
11-Jan-97,12.027,1997
19-Jan-97,12.049,1997
27-Jan-97,12.071,1997
04-Feb-97,12.093,1997
12-Feb-97,12.115,1997
20-Feb-97,12.137,1997
28-Feb-97,12.159,1997
08-Mar-97,12.181,1997
16-Mar-97,12.203,1997
24-Mar-97,12.225,1997
01-Apr-97,12.246,1997
09-Apr-97,12.268,1997
17-Apr-97,12.29,1997
25-Apr-97,12.312,1997
03-May-97,12.334,1997
11-May-97,12.356,1997
19-May-97,12.378,1997
27-May-97,12.4,1997
04-Jun-97,12.422,1997
12-Jun-97,12.444,1997
20-Jun-97,12.465,1997
28-Jun-97,12.487,1997
06-Jul-97,12.509,1997
14-Jul-97,12.531,1997
22-Jul-97,12.553,1997
30-Jul-97,12.575,1997
07-Aug-97,12.597,1997
15-Aug-97,12.619,1997
23-Aug-97,12.641,1997
31-Aug-97,12.663,1997
08-Sep-97,12.684,1997
16-Sep-97,12.706,1997
24-Sep-97,12.728,1997
02-Oct-97,12.75,1997
10-Oct-97,12.772,1997
18-Oct-97,12.794,1997
26-Oct-97,12.816,1997
03-Nov-97,12.838,1997
11-Nov-97,12.86,1997
19-Nov-97,12.882,1997
27-Nov-97,12.903,1997
05-Dec-97,12.925,1997
13-Dec-97,12.947,1997
21-Dec-97,12.969,1997
29-Dec-97,12.991,1997
06-Jan-98,13.013,1998
14-Jan-98,13.035,1998
22-Jan-98,13.057,1998
30-Jan-98,13.079,1998
07-Feb-98,13.101,1998
15-Feb-98,13.123,1998
23-Feb-98,13.144,1998
03-Mar-98,13.166,1998
11-Mar-98,13.188,1998
19-Mar-98,13.21,1998
27-Mar-98,13.232,1998
04-Apr-98,13.254,1998
12-Apr-98,13.276,1998
20-Apr-98,13.298,1998
28-Apr-98,13.32,1998
06-May-98,13.342,1998
14-May-98,13.363,1998
22-May-98,13.385,1998
30-May-98,13.407,1998
07-Jun-98,13.429,1998
15-Jun-98,13.451,1998
23-Jun-98,13.473,1998
01-Jul-98,13.495,1998
09-Jul-98,13.517,1998
17-Jul-98,13.539,1998
25-Jul-98,13.561,1998
02-Aug-98,13.582,1998
10-Aug-98,13.604,1998
18-Aug-98,13.626,1998
26-Aug-98,13.648,1998
03-Sep-98,13.67,1998
11-Sep-98,13.692,1998
19-Sep-98,13.714,1998
27-Sep-98,13.736,1998
05-Oct-98,13.758,1998
13-Oct-98,13.78,1998
21-Oct-98,13.802,1998
29-Oct-98,13.823,1998
06-Nov-98,13.845,1998
14-Nov-98,13.867,1998
22-Nov-98,13.889,1998
30-Nov-98,13.911,1998
08-Dec-98,13.933,1998
16-Dec-98,13.955,1998
24-Dec-98,13.977,1998
01-Jan-99,13.999,1999
09-Jan-99,14.021,1999
17-Jan-99,14.042,1999
25-Jan-99,14.064,1999
02-Feb-99,14.086,1999
10-Feb-99,14.108,1999
18-Feb-99,14.13,1999
26-Feb-99,14.152,1999
06-Mar-99,14.174,1999
14-Mar-99,14.196,1999
22-Mar-99,14.218,1999
30-Mar-99,14.24,1999
07-Apr-99,14.261,1999
15-Apr-99,14.283,1999
23-Apr-99,14.305,1999
01-May-99,14.327,1999
09-May-99,14.349,1999
17-May-99,14.371,1999
25-May-99,14.393,1999
02-Jun-99,14.415,1999
10-Jun-99,14.437,1999
18-Jun-99,14.459,1999
26-Jun-99,14.48,1999
04-Jul-99,14.502,1999
12-Jul-99,14.524,1999
20-Jul-99,14.546,1999
28-Jul-99,14.568,1999
05-Aug-99,14.59,1999
13-Aug-99,14.612,1999
21-Aug-99,14.634,1999
29-Aug-99,14.656,1999
06-Sep-99,14.678,1999
14-Sep-99,14.7,1999
22-Sep-99,14.721,1999
30-Sep-99,14.743,1999
08-Oct-99,14.765,1999
16-Oct-99,14.787,1999
24-Oct-99,14.809,1999
01-Nov-99,14.831,1999
09-Nov-99,14.853,1999
17-Nov-99,14.875,1999
25-Nov-99,14.897,1999
03-Dec-99,14.919,1999
11-Dec-99,14.94,1999
19-Dec-99,14.962,1999
27-Dec-99,14.984,1999
04-Jan-00,15.006,2000
12-Jan-00,15.028,2000
20-Jan-00,15.05,2000
28-Jan-00,15.072,2000
05-Feb-00,15.094,2000
13-Feb-00,15.116,2000
21-Feb-00,15.138,2000
29-Feb-00,15.159,2000
08-Mar-00,15.181,2000
16-Mar-00,15.203,2000
24-Mar-00,15.225,2000
01-Apr-00,15.247,2000
09-Apr-00,15.269,2000
17-Apr-00,15.291,2000
25-Apr-00,15.313,2000
03-May-00,15.335,2000
11-May-00,15.357,2000
19-May-00,15.379,2000
27-May-00,15.4,2000
04-Jun-00,15.422,2000
12-Jun-00,15.444,2000
20-Jun-00,15.466,2000
28-Jun-00,15.488,2000
06-Jul-00,15.51,2000
14-Jul-00,15.532,2000
22-Jul-00,15.554,2000
30-Jul-00,15.576,2000
07-Aug-00,15.598,2000
15-Aug-00,15.619,2000
23-Aug-00,15.641,2000
31-Aug-00,15.663,2000
08-Sep-00,15.685,2000
16-Sep-00,15.707,2000
24-Sep-00,15.729,2000
02-Oct-00,15.751,2000
10-Oct-00,15.773,2000
18-Oct-00,15.795,2000
26-Oct-00,15.817,2000
03-Nov-00,15.838,2000
11-Nov-00,15.86,2000
19-Nov-00,15.882,2000
27-Nov-00,15.904,2000
05-Dec-00,15.926,2000
13-Dec-00,15.948,2000
21-Dec-00,15.97,2000
29-Dec-00,15.992,2000
06-Jan-01,16.014,2001
14-Jan-01,16.036,2001
22-Jan-01,16.057,2001
30-Jan-01,16.079,2001
07-Feb-01,16.101,2001
15-Feb-01,16.123,2001
23-Feb-01,16.145,2001
03-Mar-01,16.167,2001
11-Mar-01,16.189,2001
19-Mar-01,16.211,2001
27-Mar-01,16.233,2001
04-Apr-01,16.255,2001
12-Apr-01,16.277,2001
20-Apr-01,16.298,2001
28-Apr-01,16.32,2001
06-May-01,16.342,2001
14-May-01,16.364,2001
22-May-01,16.386,2001
30-May-01,16.408,2001
07-Jun-01,16.43,2001
15-Jun-01,16.452,2001
23-Jun-01,16.474,2001
01-Jul-01,16.496,2001
09-Jul-01,16.517,2001
17-Jul-01,16.539,2001
25-Jul-01,16.561,2001
02-Aug-01,16.583,2001
10-Aug-01,16.605,2001
18-Aug-01,16.627,2001
26-Aug-01,16.649,2001
03-Sep-01,16.671,2001
11-Sep-01,16.693,2001
19-Sep-01,16.715,2001
27-Sep-01,16.736,2001
05-Oct-01,16.758,2001
13-Oct-01,16.78,2001
21-Oct-01,16.802,2001
29-Oct-01,16.824,2001
06-Nov-01,16.846,2001
14-Nov-01,16.868,2001
22-Nov-01,16.89,2001
30-Nov-01,16.912,2001
08-Dec-01,16.934,2001
16-Dec-01,16.956,2001
24-Dec-01,16.977,2001
01-Jan-02,16.999,2002
09-Jan-02,17.021,2002
17-Jan-02,17.043,2002
25-Jan-02,17.065,2002
02-Feb-02,17.087,2002
10-Feb-02,17.109,2002
18-Feb-02,17.131,2002
26-Feb-02,17.153,2002
06-Mar-02,17.175,2002
14-Mar-02,17.196,2002
22-Mar-02,17.218,2002
30-Mar-02,17.24,2002
07-Apr-02,17.262,2002
15-Apr-02,17.284,2002
23-Apr-02,17.306,2002
01-May-02,17.328,2002
09-May-02,17.35,2002
17-May-02,17.372,2002
25-May-02,17.394,2002
02-Jun-02,17.415,2002
10-Jun-02,17.437,2002
18-Jun-02,17.459,2002
26-Jun-02,17.481,2002
04-Jul-02,17.503,2002
12-Jul-02,17.525,2002
20-Jul-02,17.547,2002
28-Jul-02,17.569,2002
05-Aug-02,17.591,2002
13-Aug-02,17.613,2002
21-Aug-02,17.634,2002
29-Aug-02,17.656,2002
06-Sep-02,17.678,2002
14-Sep-02,17.7,2002
22-Sep-02,17.722,2002
30-Sep-02,17.744,2002
08-Oct-02,17.766,2002
16-Oct-02,17.788,2002
24-Oct-02,17.81,2002
01-Nov-02,17.832,2002
09-Nov-02,17.854,2002
17-Nov-02,17.875,2002
25-Nov-02,17.897,2002
03-Dec-02,17.919,2002
11-Dec-02,17.941,2002
19-Dec-02,17.963,2002
27-Dec-02,17.985,2002
04-Jan-03,18.007,2003
12-Jan-03,18.029,2003
20-Jan-03,18.051,2003
28-Jan-03,18.073,2003
05-Feb-03,18.094,2003
13-Feb-03,18.116,2003
21-Feb-03,18.138,2003
01-Mar-03,18.16,2003
09-Mar-03,18.182,2003
17-Mar-03,18.204,2003
25-Mar-03,18.226,2003
02-Apr-03,18.248,2003
10-Apr-03,18.27,2003
18-Apr-03,18.292,2003
26-Apr-03,18.313,2003
04-May-03,18.335,2003
12-May-03,18.357,2003
20-May-03,18.379,2003
28-May-03,18.401,2003
05-Jun-03,18.423,2003
13-Jun-03,18.445,2003
21-Jun-03,18.467,2003
29-Jun-03,18.489,2003
07-Jul-03,18.511,2003
15-Jul-03,18.533,2003
23-Jul-03,18.554,2003
31-Jul-03,18.576,2003
08-Aug-03,18.598,2003
16-Aug-03,18.62,2003
24-Aug-03,18.642,2003
01-Sep-03,18.664,2003
09-Sep-03,18.686,2003
17-Sep-03,18.708,2003
25-Sep-03,18.73,2003
03-Oct-03,18.752,2003
11-Oct-03,18.773,2003
19-Oct-03,18.795,2003
27-Oct-03,18.817,2003
04-Nov-03,18.839,2003
12-Nov-03,18.861,2003
20-Nov-03,18.883,2003
28-Nov-03,18.905,2003
06-Dec-03,18.927,2003
14-Dec-03,18.949,2003
22-Dec-03,18.971,2003
30-Dec-03,18.992,2003
07-Jan-04,19.014,2004
15-Jan-04,19.036,2004
23-Jan-04,19.058,2004
31-Jan-04,19.08,2004
08-Feb-04,19.102,2004
16-Feb-04,19.124,2004
24-Feb-04,19.146,2004
03-Mar-04,19.168,2004
11-Mar-04,19.19,2004
19-Mar-04,19.211,2004
27-Mar-04,19.233,2004
04-Apr-04,19.255,2004
12-Apr-04,19.277,2004
20-Apr-04,19.299,2004
28-Apr-04,19.321,2004
06-May-04,19.343,2004
14-May-04,19.365,2004
22-May-04,19.387,2004
30-May-04,19.409,2004
07-Jun-04,19.431,2004
15-Jun-04,19.452,2004
23-Jun-04,19.474,2004
01-Jul-04,19.496,2004
09-Jul-04,19.518,2004
17-Jul-04,19.54,2004
25-Jul-04,19.562,2004
02-Aug-04,19.584,2004
10-Aug-04,19.606,2004
18-Aug-04,19.628,2004
26-Aug-04,19.65,2004
03-Sep-04,19.671,2004
11-Sep-04,19.693,2004
19-Sep-04,19.715,2004
27-Sep-04,19.737,2004
05-Oct-04,19.759,2004
13-Oct-04,19.781,2004
21-Oct-04,19.803,2004
29-Oct-04,19.825,2004
06-Nov-04,19.847,2004
14-Nov-04,19.869,2004
22-Nov-04,19.89,2004
30-Nov-04,19.912,2004
08-Dec-04,19.934,2004
16-Dec-04,19.956,2004
24-Dec-04,19.978,2004
01-Jan-05,20,2005
09-Jan-05,20.022,2005
17-Jan-05,20.044,2005
25-Jan-05,20.066,2005
02-Feb-05,20.088,2005
10-Feb-05,20.11,2005
18-Feb-05,20.131,2005
26-Feb-05,20.153,2005
06-Mar-05,20.175,2005
14-Mar-05,20.197,2005
22-Mar-05,20.219,2005
30-Mar-05,20.241,2005
07-Apr-05,20.263,2005
15-Apr-05,20.285,2005
23-Apr-05,20.307,2005
01-May-05,20.329,2005
09-May-05,20.35,2005
17-May-05,20.372,2005
25-May-05,20.394,2005
02-Jun-05,20.416,2005
10-Jun-05,20.438,2005
18-Jun-05,20.46,2005
26-Jun-05,20.482,2005
04-Jul-05,20.504,2005
12-Jul-05,20.526,2005
20-Jul-05,20.548,2005
28-Jul-05,20.569,2005
05-Aug-05,20.591,2005
13-Aug-05,20.613,2005
21-Aug-05,20.635,2005
29-Aug-05,20.657,2005
06-Sep-05,20.679,2005
14-Sep-05,20.701,2005
22-Sep-05,20.723,2005
30-Sep-05,20.745,2005
08-Oct-05,20.767,2005
16-Oct-05,20.789,2005
24-Oct-05,20.81,2005
01-Nov-05,20.832,2005
09-Nov-05,20.854,2005
17-Nov-05,20.876,2005
25-Nov-05,20.898,2005
03-Dec-05,20.92,2005
11-Dec-05,20.942,2005
19-Dec-05,20.964,2005
27-Dec-05,20.986,2005
04-Jan-06,21.008,2006
12-Jan-06,21.029,2006
20-Jan-06,21.051,2006
28-Jan-06,21.073,2006
05-Feb-06,21.095,2006
13-Feb-06,21.117,2006
21-Feb-06,21.139,2006
01-Mar-06,21.161,2006
09-Mar-06,21.183,2006
17-Mar-06,21.205,2006
25-Mar-06,21.227,2006
02-Apr-06,21.248,2006
10-Apr-06,21.27,2006
18-Apr-06,21.292,2006
26-Apr-06,21.314,2006
04-May-06,21.336,2006
12-May-06,21.358,2006
20-May-06,21.38,2006
28-May-06,21.402,2006
05-Jun-06,21.424,2006
13-Jun-06,21.446,2006
21-Jun-06,21.467,2006
29-Jun-06,21.489,2006
07-Jul-06,21.511,2006
15-Jul-06,21.533,2006
23-Jul-06,21.555,2006
31-Jul-06,21.577,2006
08-Aug-06,21.599,2006
16-Aug-06,21.621,2006
24-Aug-06,21.643,2006
01-Sep-06,21.665,2006
09-Sep-06,21.687,2006
17-Sep-06,21.708,2006
25-Sep-06,21.73,2006
03-Oct-06,21.752,2006
11-Oct-06,21.774,2006
19-Oct-06,21.796,2006
27-Oct-06,21.818,2006
04-Nov-06,21.84,2006
12-Nov-06,21.862,2006
20-Nov-06,21.884,2006
28-Nov-06,21.906,2006
06-Dec-06,21.927,2006
14-Dec-06,21.949,2006
22-Dec-06,21.971,2006
30-Dec-06,21.993,2006
07-Jan-07,22.015,2007
15-Jan-07,22.037,2007
23-Jan-07,22.059,2007
31-Jan-07,22.081,2007
08-Feb-07,22.103,2007
16-Feb-07,22.125,2007
24-Feb-07,22.146,2007
04-Mar-07,22.168,2007
12-Mar-07,22.19,2007
20-Mar-07,22.212,2007
28-Mar-07,22.234,2007
05-Apr-07,22.256,2007
13-Apr-07,22.278,2007
21-Apr-07,22.3,2007
29-Apr-07,22.322,2007
07-May-07,22.344,2007
15-May-07,22.366,2007
23-May-07,22.387,2007
31-May-07,22.409,2007
08-Jun-07,22.431,2007
16-Jun-07,22.453,2007
24-Jun-07,22.475,2007
02-Jul-07,22.497,2007
10-Jul-07,22.519,2007
18-Jul-07,22.541,2007
26-Jul-07,22.563,2007
03-Aug-07,22.585,2007
11-Aug-07,22.606,2007
19-Aug-07,22.628,2007
27-Aug-07,22.65,2007
04-Sep-07,22.672,2007
12-Sep-07,22.694,2007
20-Sep-07,22.716,2007
28-Sep-07,22.738,2007
06-Oct-07,22.76,2007
14-Oct-07,22.782,2007
22-Oct-07,22.804,2007
30-Oct-07,22.825,2007
07-Nov-07,22.847,2007
15-Nov-07,22.869,2007
23-Nov-07,22.891,2007
01-Dec-07,22.913,2007
09-Dec-07,22.935,2007
17-Dec-07,22.957,2007
25-Dec-07,22.979,2007
02-Jan-08,23.001,2008
10-Jan-08,23.023,2008
18-Jan-08,23.044,2008
26-Jan-08,23.066,2008
03-Feb-08,23.088,2008
11-Feb-08,23.11,2008
19-Feb-08,23.132,2008
27-Feb-08,23.154,2008
06-Mar-08,23.176,2008
14-Mar-08,23.198,2008
22-Mar-08,23.22,2008
30-Mar-08,23.242,2008
07-Apr-08,23.264,2008
15-Apr-08,23.285,2008
23-Apr-08,23.307,2008
01-May-08,23.329,2008
09-May-08,23.351,2008
17-May-08,23.373,2008
25-May-08,23.395,2008
02-Jun-08,23.417,2008
10-Jun-08,23.439,2008
18-Jun-08,23.461,2008
26-Jun-08,23.483,2008
04-Jul-08,23.504,2008
12-Jul-08,23.526,2008
20-Jul-08,23.548,2008
28-Jul-08,23.57,2008
05-Aug-08,23.592,2008
13-Aug-08,23.614,2008
21-Aug-08,23.636,2008
29-Aug-08,23.658,2008
06-Sep-08,23.68,2008
14-Sep-08,23.702,2008
22-Sep-08,23.723,2008
30-Sep-08,23.745,2008
08-Oct-08,23.767,2008
16-Oct-08,23.789,2008
24-Oct-08,23.811,2008
01-Nov-08,23.833,2008
09-Nov-08,23.855,2008
17-Nov-08,23.877,2008
25-Nov-08,23.899,2008
03-Dec-08,23.921,2008
11-Dec-08,23.943,2008
19-Dec-08,23.964,2008
27-Dec-08,23.986,2008
04-Jan-09,24.008,2009
12-Jan-09,24.03,2009
20-Jan-09,24.052,2009
28-Jan-09,24.074,2009
05-Feb-09,24.096,2009
13-Feb-09,24.118,2009
21-Feb-09,24.14,2009
01-Mar-09,24.162,2009
09-Mar-09,24.183,2009
17-Mar-09,24.205,2009
25-Mar-09,24.227,2009
02-Apr-09,24.249,2009
10-Apr-09,24.271,2009
18-Apr-09,24.293,2009
26-Apr-09,24.315,2009
04-May-09,24.337,2009
12-May-09,24.359,2009
20-May-09,24.381,2009
28-May-09,24.402,2009
05-Jun-09,24.424,2009
13-Jun-09,24.446,2009
21-Jun-09,24.468,2009
29-Jun-09,24.49,2009
07-Jul-09,24.512,2009
15-Jul-09,24.534,2009
23-Jul-09,24.556,2009
31-Jul-09,24.578,2009
08-Aug-09,24.6,2009
16-Aug-09,24.621,2009
24-Aug-09,24.643,2009
01-Sep-09,24.665,2009
09-Sep-09,24.687,2009
17-Sep-09,24.709,2009
25-Sep-09,24.731,2009
03-Oct-09,24.753,2009
11-Oct-09,24.775,2009
19-Oct-09,24.797,2009
27-Oct-09,24.819,2009
04-Nov-09,24.841,2009
12-Nov-09,24.862,2009
20-Nov-09,24.884,2009
28-Nov-09,24.906,2009
06-Dec-09,24.928,2009
14-Dec-09,24.95,2009
22-Dec-09,24.972,2009
30-Dec-09,24.994,2009
07-Jan-10,25.016,2010
15-Jan-10,25.038,2010
23-Jan-10,25.06,2010
31-Jan-10,25.081,2010
08-Feb-10,25.103,2010
16-Feb-10,25.125,2010
24-Feb-10,25.147,2010
04-Mar-10,25.169,2010
12-Mar-10,25.191,2010
20-Mar-10,25.213,2010
28-Mar-10,25.235,2010
05-Apr-10,25.257,2010
13-Apr-10,25.279,2010
21-Apr-10,25.3,2010
29-Apr-10,25.322,2010
07-May-10,25.344,2010
15-May-10,25.366,2010
23-May-10,25.388,2010
31-May-10,25.41,2010
08-Jun-10,25.432,2010
16-Jun-10,25.454,2010
24-Jun-10,25.476,2010
02-Jul-10,25.498,2010
10-Jul-10,25.52,2010
18-Jul-10,25.541,2010
26-Jul-10,25.563,2010
03-Aug-10,25.585,2010
11-Aug-10,25.607,2010
19-Aug-10,25.629,2010
27-Aug-10,25.651,2010
04-Sep-10,25.673,2010
12-Sep-10,25.695,2010
20-Sep-10,25.717,2010
28-Sep-10,25.739,2010
06-Oct-10,25.76,2010
14-Oct-10,25.782,2010
22-Oct-10,25.804,2010
30-Oct-10,25.826,2010
07-Nov-10,25.848,2010
15-Nov-10,25.87,2010
23-Nov-10,25.892,2010
01-Dec-10,25.914,2010
09-Dec-10,25.936,2010
17-Dec-10,25.958,2010
25-Dec-10,25.979,2010
02-Jan-11,26.001,2011
10-Jan-11,26.023,2011
18-Jan-11,26.045,2011
26-Jan-11,26.067,2011
03-Feb-11,26.089,2011
11-Feb-11,26.111,2011
19-Feb-11,26.133,2011
27-Feb-11,26.155,2011
07-Mar-11,26.177,2011
15-Mar-11,26.198,2011
23-Mar-11,26.22,2011
31-Mar-11,26.242,2011
08-Apr-11,26.264,2011
16-Apr-11,26.286,2011
24-Apr-11,26.308,2011
02-May-11,26.33,2011
10-May-11,26.352,2011
18-May-11,26.374,2011
26-May-11,26.396,2011
03-Jun-11,26.418,2011
11-Jun-11,26.439,2011
19-Jun-11,26.461,2011
27-Jun-11,26.483,2011
05-Jul-11,26.505,2011
13-Jul-11,26.527,2011
21-Jul-11,26.549,2011
29-Jul-11,26.571,2011
06-Aug-11,26.593,2011
14-Aug-11,26.615,2011
22-Aug-11,26.637,2011
30-Aug-11,26.658,2011
07-Sep-11,26.68,2011
15-Sep-11,26.702,2011
23-Sep-11,26.724,2011
01-Oct-11,26.746,2011
09-Oct-11,26.768,2011
17-Oct-11,26.79,2011
25-Oct-11,26.812,2011
02-Nov-11,26.834,2011
10-Nov-11,26.856,2011
18-Nov-11,26.877,2011
26-Nov-11,26.899,2011
04-Dec-11,26.921,2011
12-Dec-11,26.943,2011
20-Dec-11,26.965,2011
28-Dec-11,26.987,2011
05-Jan-12,27.009,2012
13-Jan-12,27.031,2012
21-Jan-12,27.053,2012
29-Jan-12,27.075,2012
06-Feb-12,27.097,2012
14-Feb-12,27.118,2012
22-Feb-12,27.14,2012
01-Mar-12,27.162,2012
09-Mar-12,27.184,2012
17-Mar-12,27.206,2012
25-Mar-12,27.228,2012
02-Apr-12,27.25,2012
10-Apr-12,27.272,2012
18-Apr-12,27.294,2012
26-Apr-12,27.316,2012
04-May-12,27.337,2012
12-May-12,27.359,2012
20-May-12,27.381,2012
28-May-12,27.403,2012
05-Jun-12,27.425,2012
13-Jun-12,27.447,2012
21-Jun-12,27.469,2012
29-Jun-12,27.491,2012
07-Jul-12,27.513,2012
15-Jul-12,27.535,2012
23-Jul-12,27.556,2012
31-Jul-12,27.578,2012
08-Aug-12,27.6,2012
16-Aug-12,27.622,2012
24-Aug-12,27.644,2012
01-Sep-12,27.666,2012
09-Sep-12,27.688,2012
17-Sep-12,27.71,2012
25-Sep-12,27.732,2012
03-Oct-12,27.754,2012
11-Oct-12,27.775,2012
19-Oct-12,27.797,2012
27-Oct-12,27.819,2012
04-Nov-12,27.841,2012
12-Nov-12,27.863,2012
20-Nov-12,27.885,2012
28-Nov-12,27.907,2012
06-Dec-12,27.929,2012
14-Dec-12,27.951,2012
22-Dec-12,27.973,2012
30-Dec-12,27.995,2012
07-Jan-13,28.016,2013
15-Jan-13,28.038,2013
23-Jan-13,28.06,2013
31-Jan-13,28.082,2013
08-Feb-13,28.104,2013
16-Feb-13,28.126,2013
24-Feb-13,28.148,2013
04-Mar-13,28.17,2013
12-Mar-13,28.192,2013
20-Mar-13,28.214,2013
28-Mar-13,28.235,2013
05-Apr-13,28.257,2013
13-Apr-13,28.279,2013
21-Apr-13,28.301,2013
29-Apr-13,28.323,2013
07-May-13,28.345,2013
15-May-13,28.367,2013
23-May-13,28.389,2013
31-May-13,28.411,2013
08-Jun-13,28.433,2013
16-Jun-13,28.454,2013
24-Jun-13,28.476,2013
02-Jul-13,28.498,2013
10-Jul-13,28.52,2013
18-Jul-13,28.542,2013
26-Jul-13,28.564,2013
03-Aug-13,28.586,2013
11-Aug-13,28.608,2013
19-Aug-13,28.63,2013
27-Aug-13,28.652,2013
04-Sep-13,28.674,2013
12-Sep-13,28.695,2013
20-Sep-13,28.717,2013
28-Sep-13,28.739,2013
06-Oct-13,28.761,2013
14-Oct-13,28.783,2013
22-Oct-13,28.805,2013
30-Oct-13,28.827,2013
07-Nov-13,28.849,2013
15-Nov-13,28.871,2013
23-Nov-13,28.893,2013
01-Dec-13,28.914,2013
09-Dec-13,28.936,2013
17-Dec-13,28.958,2013
25-Dec-13,28.98,2013
02-Jan-14,29.002,2014
10-Jan-14,29.024,2014
18-Jan-14,29.046,2014
26-Jan-14,29.068,2014
03-Feb-14,29.09,2014
11-Feb-14,29.112,2014
19-Feb-14,29.133,2014
27-Feb-14,29.155,2014
07-Mar-14,29.177,2014
15-Mar-14,29.199,2014
23-Mar-14,29.221,2014
31-Mar-14,29.243,2014
08-Apr-14,29.265,2014
16-Apr-14,29.287,2014
24-Apr-14,29.309,2014
02-May-14,29.331,2014
10-May-14,29.352,2014
18-May-14,29.374,2014
26-May-14,29.396,2014
03-Jun-14,29.418,2014
11-Jun-14,29.44,2014
19-Jun-14,29.462,2014
27-Jun-14,29.484,2014
05-Jul-14,29.506,2014
13-Jul-14,29.528,2014
21-Jul-14,29.55,2014
29-Jul-14,29.572,2014
06-Aug-14,29.593,2014
14-Aug-14,29.615,2014
22-Aug-14,29.637,2014
30-Aug-14,29.659,2014
07-Sep-14,29.681,2014
15-Sep-14,29.703,2014
23-Sep-14,29.725,2014
01-Oct-14,29.747,2014
09-Oct-14,29.769,2014
17-Oct-14,29.791,2014
25-Oct-14,29.812,2014
02-Nov-14,29.834,2014
10-Nov-14,29.856,2014
18-Nov-14,29.878,2014
26-Nov-14,29.9,2014
04-Dec-14,29.922,2014
12-Dec-14,29.944,2014
20-Dec-14,29.966,2014
28-Dec-14,29.988,2014
05-Jan-15,30.01,2015
13-Jan-15,30.031,2015
21-Jan-15,30.053,2015
29-Jan-15,30.075,2015
06-Feb-15,30.097,2015
14-Feb-15,30.119,2015
22-Feb-15,30.141,2015
02-Mar-15,30.163,2015
10-Mar-15,30.185,2015
18-Mar-15,30.207,2015
26-Mar-15,30.229,2015
03-Apr-15,30.251,2015
11-Apr-15,30.272,2015
19-Apr-15,30.294,2015
27-Apr-15,30.316,2015
05-May-15,30.338,2015
13-May-15,30.36,2015
21-May-15,30.382,2015
29-May-15,30.404,2015
06-Jun-15,30.426,2015
14-Jun-15,30.448,2015
22-Jun-15,30.47,2015
30-Jun-15,30.491,2015
08-Jul-15,30.513,2015
16-Jul-15,30.535,2015
24-Jul-15,30.557,2015
01-Aug-15,30.579,2015
09-Aug-15,30.601,2015
17-Aug-15,30.623,2015
25-Aug-15,30.645,2015
02-Sep-15,30.667,2015
10-Sep-15,30.689,2015
18-Sep-15,30.71,2015
26-Sep-15,30.732,2015
04-Oct-15,30.754,2015
12-Oct-15,30.776,2015
20-Oct-15,30.798,2015
28-Oct-15,30.82,2015
05-Nov-15,30.842,2015
13-Nov-15,30.864,2015
21-Nov-15,30.886,2015
29-Nov-15,30.908,2015
07-Dec-15,30.93,2015
15-Dec-15,30.951,2015
23-Dec-15,30.973,2015
31-Dec-15,30.995,2015
08-Jan-16,31.017,2016
16-Jan-16,31.039,2016
24-Jan-16,31.061,2016
01-Feb-16,31.083,2016
09-Feb-16,31.105,2016
17-Feb-16,31.127,2016
25-Feb-16,31.149,2016
04-Mar-16,31.17,2016
12-Mar-16,31.192,2016
20-Mar-16,31.214,2016
28-Mar-16,31.236,2016
05-Apr-16,31.258,2016
13-Apr-16,31.28,2016
21-Apr-16,31.302,2016
29-Apr-16,31.324,2016
07-May-16,31.346,2016
15-May-16,31.368,2016
23-May-16,31.389,2016
31-May-16,31.411,2016
08-Jun-16,31.433,2016
16-Jun-16,31.455,2016
24-Jun-16,31.477,2016
02-Jul-16,31.499,2016
10-Jul-16,31.521,2016
18-Jul-16,31.543,2016
26-Jul-16,31.565,2016
03-Aug-16,31.587,2016
11-Aug-16,31.608,2016
19-Aug-16,31.63,2016
27-Aug-16,31.652,2016
04-Sep-16,31.674,2016
12-Sep-16,31.696,2016
20-Sep-16,31.718,2016
28-Sep-16,31.74,2016
06-Oct-16,31.762,2016
14-Oct-16,31.784,2016
22-Oct-16,31.806,2016
30-Oct-16,31.828,2016
07-Nov-16,31.849,2016
15-Nov-16,31.871,2016
23-Nov-16,31.893,2016
01-Dec-16,31.915,2016
09-Dec-16,31.937,2016
17-Dec-16,31.959,2016
25-Dec-16,31.981,2016
02-Jan-17,32.003,2017
10-Jan-17,32.025,2017
18-Jan-17,32.047,2017
26-Jan-17,32.068,2017
03-Feb-17,32.09,2017
11-Feb-17,32.112,2017
19-Feb-17,32.134,2017
27-Feb-17,32.156,2017
07-Mar-17,32.178,2017
15-Mar-17,32.2,2017
23-Mar-17,32.222,2017
31-Mar-17,32.244,2017
08-Apr-17,32.266,2017
16-Apr-17,32.287,2017
24-Apr-17,32.309,2017
02-May-17,32.331,2017
10-May-17,32.353,2017
18-May-17,32.375,2017
26-May-17,32.397,2017
03-Jun-17,32.419,2017
11-Jun-17,32.441,2017
19-Jun-17,32.463,2017
27-Jun-17,32.485,2017
05-Jul-17,32.507,2017
13-Jul-17,32.528,2017
21-Jul-17,32.55,2017
29-Jul-17,32.572,2017
06-Aug-17,32.594,2017
14-Aug-17,32.616,2017
22-Aug-17,32.638,2017
30-Aug-17,32.66,2017
07-Sep-17,32.682,2017
15-Sep-17,32.704,2017
23-Sep-17,32.726,2017
01-Oct-17,32.747,2017
09-Oct-17,32.769,2017
17-Oct-17,32.791,2017
25-Oct-17,32.813,2017
02-Nov-17,32.835,2017
10-Nov-17,32.857,2017
18-Nov-17,32.879,2017
26-Nov-17,32.901,2017
04-Dec-17,32.923,2017
12-Dec-17,32.945,2017
20-Dec-17,32.966,2017
28-Dec-17,32.988,2017
05-Jan-18,33.01,2018
13-Jan-18,33.032,2018
21-Jan-18,33.054,2018
29-Jan-18,33.076,2018
06-Feb-18,33.098,2018
14-Feb-18,33.12,2018
22-Feb-18,33.142,2018
02-Mar-18,33.164,2018
10-Mar-18,33.185,2018
18-Mar-18,33.207,2018
26-Mar-18,33.229,2018
03-Apr-18,33.251,2018
11-Apr-18,33.273,2018
19-Apr-18,33.295,2018
27-Apr-18,33.317,2018
05-May-18,33.339,2018
13-May-18,33.361,2018
21-May-18,33.383,2018
29-May-18,33.405,2018
06-Jun-18,33.426,2018
14-Jun-18,33.448,2018
22-Jun-18,33.47,2018
30-Jun-18,33.492,2018
08-Jul-18,33.514,2018
16-Jul-18,33.536,2018
24-Jul-18,33.558,2018
01-Aug-18,33.58,2018
09-Aug-18,33.602,2018
17-Aug-18,33.624,2018
25-Aug-18,33.645,2018
02-Sep-18,33.667,2018
10-Sep-18,33.689,2018
18-Sep-18,33.711,2018
26-Sep-18,33.733,2018
04-Oct-18,33.755,2018
12-Oct-18,33.777,2018
20-Oct-18,33.799,2018
28-Oct-18,33.821,2018
05-Nov-18,33.843,2018
13-Nov-18,33.864,2018
21-Nov-18,33.886,2018
29-Nov-18,33.908,2018
07-Dec-18,33.93,2018
15-Dec-18,33.952,2018
23-Dec-18,33.974,2018
31-Dec-18,33.996,2018
08-Jan-19,34.018,2019
16-Jan-19,34.04,2019
24-Jan-19,34.062,2019
01-Feb-19,34.084,2019
09-Feb-19,34.105,2019
17-Feb-19,34.127,2019
25-Feb-19,34.149,2019
05-Mar-19,34.171,2019
13-Mar-19,34.193,2019
21-Mar-19,34.215,2019
29-Mar-19,34.237,2019
06-Apr-19,34.259,2019
14-Apr-19,34.281,2019
22-Apr-19,34.303,2019
30-Apr-19,34.324,2019
08-May-19,34.346,2019
16-May-19,34.368,2019
24-May-19,34.39,2019
01-Jun-19,34.412,2019
09-Jun-19,34.434,2019
17-Jun-19,34.456,2019
25-Jun-19,34.478,2019
03-Jul-19,34.5,2019
11-Jul-19,34.522,2019
19-Jul-19,34.543,2019
27-Jul-19,34.565,2019
04-Aug-19,34.587,2019
12-Aug-19,34.609,2019
20-Aug-19,34.631,2019
28-Aug-19,34.653,2019
05-Sep-19,34.675,2019
13-Sep-19,34.697,2019
21-Sep-19,34.719,2019
29-Sep-19,34.741,2019
07-Oct-19,34.762,2019
15-Oct-19,34.784,2019
23-Oct-19,34.806,2019
31-Oct-19,34.828,2019
08-Nov-19,34.85,2019
16-Nov-19,34.872,2019
24-Nov-19,34.894,2019
02-Dec-19,34.916,2019
10-Dec-19,34.938,2019
18-Dec-19,34.96,2019
26-Dec-19,34.982,2019
03-Jan-20,35.003,2020
11-Jan-20,35.025,2020
19-Jan-20,35.047,2020
27-Jan-20,35.069,2020
04-Feb-20,35.091,2020
12-Feb-20,35.113,2020
20-Feb-20,35.135,2020
28-Feb-20,35.157,2020
07-Mar-20,35.179,2020
15-Mar-20,35.201,2020
23-Mar-20,35.222,2020
31-Mar-20,35.244,2020
08-Apr-20,35.266,2020
16-Apr-20,35.288,2020
24-Apr-20,35.31,2020
02-May-20,35.332,2020
10-May-20,35.354,2020
18-May-20,35.376,2020
26-May-20,35.398,2020
03-Jun-20,35.42,2020
11-Jun-20,35.441,2020
19-Jun-20,35.463,2020
27-Jun-20,35.485,2020
05-Jul-20,35.507,2020
13-Jul-20,35.529,2020
21-Jul-20,35.551,2020
29-Jul-20,35.573,2020
06-Aug-20,35.595,2020
14-Aug-20,35.617,2020
22-Aug-20,35.639,2020
30-Aug-20,35.661,2020
07-Sep-20,35.682,2020
15-Sep-20,35.704,2020
23-Sep-20,35.726,2020
01-Oct-20,35.748,2020
09-Oct-20,35.77,2020
17-Oct-20,35.792,2020
25-Oct-20,35.814,2020
02-Nov-20,35.836,2020
10-Nov-20,35.858,2020
18-Nov-20,35.88,2020
26-Nov-20,35.901,2020
04-Dec-20,35.923,2020
12-Dec-20,35.945,2020
20-Dec-20,35.967,2020
28-Dec-20,35.989,2020
05-Jan-21,36.011,2021
13-Jan-21,36.033,2021
21-Jan-21,36.055,2021
29-Jan-21,36.077,2021
06-Feb-21,36.099,2021
14-Feb-21,36.12,2021
22-Feb-21,36.142,2021
02-Mar-21,36.164,2021
10-Mar-21,36.186,2021
18-Mar-21,36.208,2021
26-Mar-21,36.23,2021
03-Apr-21,36.252,2021
11-Apr-21,36.274,2021
19-Apr-21,36.296,2021
27-Apr-21,36.318,2021
05-May-21,36.339,2021
13-May-21,36.361,2021
21-May-21,36.383,2021
29-May-21,36.405,2021
06-Jun-21,36.427,2021
14-Jun-21,36.449,2021
22-Jun-21,36.471,2021
30-Jun-21,36.493,2021
08-Jul-21,36.515,2021
16-Jul-21,36.537,2021
24-Jul-21,36.559,2021
01-Aug-21,36.58,2021
09-Aug-21,36.602,2021
17-Aug-21,36.624,2021
25-Aug-21,36.646,2021
02-Sep-21,36.668,2021
10-Sep-21,36.69,2021
18-Sep-21,36.712,2021
26-Sep-21,36.734,2021
04-Oct-21,36.756,2021
12-Oct-21,36.778,2021
20-Oct-21,36.799,2021
28-Oct-21,36.821,2021
05-Nov-21,36.843,2021
13-Nov-21,36.865,2021
21-Nov-21,36.887,2021
29-Nov-21,36.909,2021
07-Dec-21,36.931,2021
15-Dec-21,36.953,2021
23-Dec-21,36.975,2021
31-Dec-21,36.997,2021
08-Jan-22,37.018,2022
16-Jan-22,37.04,2022
24-Jan-22,37.062,2022
01-Feb-22,37.084,2022
09-Feb-22,37.106,2022
17-Feb-22,37.128,2022
25-Feb-22,37.15,2022
05-Mar-22,37.172,2022
13-Mar-22,37.194,2022
21-Mar-22,37.216,2022
29-Mar-22,37.238,2022
06-Apr-22,37.259,2022
14-Apr-22,37.281,2022
22-Apr-22,37.303,2022
30-Apr-22,37.325,2022
08-May-22,37.347,2022
16-May-22,37.369,2022
24-May-22,37.391,2022
01-Jun-22,37.413,2022
09-Jun-22,37.435,2022
17-Jun-22,37.457,2022
25-Jun-22,37.478,2022
03-Jul-22,37.5,2022
11-Jul-22,37.522,2022
19-Jul-22,37.544,2022
27-Jul-22,37.566,2022
04-Aug-22,37.588,2022
12-Aug-22,37.61,2022
20-Aug-22,37.632,2022
28-Aug-22,37.654,2022
05-Sep-22,37.676,2022
13-Sep-22,37.697,2022
21-Sep-22,37.719,2022
29-Sep-22,37.741,2022
07-Oct-22,37.763,2022
15-Oct-22,37.785,2022
23-Oct-22,37.807,2022
31-Oct-22,37.829,2022
