"","Year1","Species","NDVI","Time","DecDay","ClearDays"
"1",1985,"AgFesMol",0.584991284496463,1985.5275,0.527499999999918,3
"2",1985,"Cliff",0.528559215697836,1985.545,0.545000000000073,3
"3",1985,"DryHeath",0.569222334660486,1985.555,0.555000000000064,3
"4",1985,"Eriophorum",0.569831467464424,1985.5375,0.537499999999909,3
"5",1985,"FestucaRubra",0.606242658302421,1985.545,0.545000000000073,3
"6",1985,"Hirta",0.510207261868035,1985.52,0.519999999999982,6
"7",1985,"Holcus",0.589490034249116,1985.5275,0.527499999999918,3
"8",1985,"HolcusAgrostis",0.634438589622707,1985.5275,0.527499999999918,3
"9",1985,"HolcusAgrostisSphagnum",0.604535404362337,1985.55,0.549999999999955,3
"10",1985,"HolcusPoa",0.591290012254162,1985.525,0.525000000000091,3
"11",1985,"Lair",0.610654246928193,1985.52,0.519999999999982,4
"12",1985,"Luzula",0.599720124283267,1985.5275,0.527499999999918,3
"13",1985,"Molinia",0.579488840196057,1985.545,0.545000000000073,3
"14",1985,"NardusJuncus",0.525739194212286,1985.5425,0.542500000000018,2
"15",1985,"NardusRacomitrium",0.510349757519933,1985.5625,0.5625,3
"16",1985,"Plantago",0.60352396834139,1985.5225,0.522500000000036,3
"17",1985,"PoorAgrostisFestuca",0.584803637433165,1985.535,0.535000000000082,3
"18",1985,"RichAgrostisFestuca",0.58415393962129,1985.545,0.545000000000073,3
"19",1985,"Rumex",0.518330761435622,1985.5125,0.512500000000045,3
"20",1985,"Sphagnum",0.589983787167799,1985.5275,0.527499999999918,3
"21",1985,"WetHeath",0.538496599814843,1985.56,0.559999999999945,3
"22",1986,"AgFesMol",0.561062839113183,1986.5225,0.522500000000036,6
"23",1986,"Cliff",0.523096067580751,1986.545,0.545000000000073,6
"24",1986,"DryHeath",0.578122207405887,1986.5525,0.552500000000009,6
"25",1986,"Eriophorum",0.597926994081838,1986.5325,0.532500000000027,5
"26",1986,"FestucaRubra",0.586098582673615,1986.5475,0.5474999999999,6
"27",1986,"Hirta",0.580128391804554,1986.52,0.519999999999982,6
"28",1986,"Holcus",0.598248155430396,1986.5225,0.522500000000036,5
"29",1986,"HolcusAgrostis",0.622333108036422,1986.525,0.525000000000091,6
"30",1986,"HolcusAgrostisSphagnum",0.599928466825913,1986.5475,0.5474999999999,5
"31",1986,"HolcusPoa",0.594231203315257,1986.525,0.525000000000091,6
"32",1986,"Lair",0.665743498521342,1986.54,0.539999999999964,5
"33",1986,"Luzula",0.610302535387005,1986.5275,0.527499999999918,6
"34",1986,"Molinia",0.582951700173251,1986.545,0.545000000000073,6
"35",1986,"NardusJuncus",0.527779127947094,1986.5425,0.542500000000018,4
"36",1986,"NardusRacomitrium",0.51588233620885,1986.555,0.555000000000064,6
"37",1986,"Plantago",0.584533756494598,1986.5325,0.532500000000027,6
"38",1986,"PoorAgrostisFestuca",0.590019977565584,1986.5325,0.532500000000027,6
"39",1986,"RichAgrostisFestuca",0.579262331678698,1986.5425,0.542500000000018,6
"40",1986,"Rumex",0.532341930044391,1986.5125,0.512500000000045,5
"41",1986,"Sphagnum",0.595334598254601,1986.5275,0.527499999999918,6
"42",1986,"WetHeath",0.550381346851611,1986.5625,0.5625,6
"43",1987,"AgFesMol",0.542596510297221,1987.5325,0.532500000000027,5
"44",1987,"Cliff",0.495712631398834,1987.545,0.545000000000073,5
"45",1987,"DryHeath",0.544206205008607,1987.5625,0.5625,4
"46",1987,"Eriophorum",0.530988477009228,1987.545,0.545000000000073,5
"47",1987,"FestucaRubra",0.579273318109752,1987.545,0.545000000000073,5
"48",1987,"Hirta",0.508615165943328,1987.52,0.519999999999982,9
"49",1987,"Holcus",0.503768396086185,1987.545,0.545000000000073,6
"50",1987,"HolcusAgrostis",0.597213989469636,1987.53,0.529999999999973,5
"51",1987,"HolcusAgrostisSphagnum",0.563174746056685,1987.55,0.549999999999955,5
"52",1987,"HolcusPoa",0.53711688282229,1987.5225,0.522500000000036,5
"53",1987,"Lair",0.642873668354339,1987.5325,0.532500000000027,4
"54",1987,"Luzula",0.564455673389753,1987.53,0.529999999999973,5
"55",1987,"Molinia",0.542461770907406,1987.55,0.549999999999955,4
"56",1987,"NardusJuncus",0.526174262667198,1987.5425,0.542500000000018,2
"57",1987,"NardusRacomitrium",0.451383704106198,1987.5725,0.572499999999991,5
"58",1987,"Plantago",0.548314323098285,1987.525,0.525000000000091,5
"59",1987,"PoorAgrostisFestuca",0.546454113427628,1987.54,0.539999999999964,5
"60",1987,"RichAgrostisFestuca",0.526940725499785,1987.5525,0.552500000000009,5
"61",1987,"Rumex",0.52086899472091,1987.5125,0.512500000000045,5
"62",1987,"Sphagnum",0.557064378455974,1987.53,0.529999999999973,5
"63",1987,"WetHeath",0.482536582254307,1987.56,0.559999999999945,4
"64",1988,"AgFesMol",0.525498102042941,1988.5275,0.527499999999918,6
"65",1988,"Cliff",0.492689721560368,1988.545,0.545000000000073,7
"66",1988,"DryHeath",0.559945683693673,1988.5475,0.5474999999999,6
"67",1988,"Eriophorum",0.552582623847867,1988.53,0.529999999999973,5
"68",1988,"FestucaRubra",0.575870577947736,1988.535,0.535000000000082,7
"69",1988,"Hirta",0.544253926224626,1988.52,0.519999999999982,7
"70",1988,"Holcus",0.559425973644,1988.52,0.519999999999982,7
"71",1988,"HolcusAgrostis",0.630679053264104,1988.5275,0.527499999999918,6
"72",1988,"HolcusAgrostisSphagnum",0.569837943375352,1988.5475,0.5474999999999,6
"73",1988,"HolcusPoa",0.553774873109115,1988.5225,0.522500000000036,7
"74",1988,"Lair",0.588268955836879,1988.5225,0.522500000000036,7
"75",1988,"Luzula",0.559358373918643,1988.5175,0.517499999999927,6
"76",1988,"Molinia",0.552342399970602,1988.5425,0.542500000000018,6
"77",1988,"NardusJuncus",0.495010830266402,1988.5425,0.542500000000018,5
"78",1988,"NardusRacomitrium",0.4855742732658,1988.545,0.545000000000073,6
"79",1988,"Plantago",0.537361143396747,1988.5075,0.507499999999936,7
"80",1988,"PoorAgrostisFestuca",0.555726118096089,1988.53,0.529999999999973,6
"81",1988,"RichAgrostisFestuca",0.575953545131652,1988.5425,0.542500000000018,6
"82",1988,"Rumex",0.478319804440959,1988.5125,0.512500000000045,6
"83",1988,"Sphagnum",0.564859769151878,1988.5225,0.522500000000036,6
"84",1988,"WetHeath",0.513569331429365,1988.56,0.559999999999945,6
"85",1989,"AgFesMol",0.561055955027514,1989.5275,0.527499999999918,6
"86",1989,"Cliff",0.501029209869714,1989.545,0.545000000000073,6
"87",1989,"DryHeath",0.532359087916838,1989.56,0.559999999999945,5
"88",1989,"Eriophorum",0.589389836168485,1989.5325,0.532500000000027,4
"89",1989,"FestucaRubra",0.551378693302994,1989.555,0.555000000000064,6
"90",1989,"Hirta",0.477279906009686,1989.52,0.519999999999982,10
"91",1989,"Holcus",0.537748673559822,1989.5325,0.532500000000027,6
"92",1989,"HolcusAgrostis",0.606716433876199,1989.5275,0.527499999999918,6
"93",1989,"HolcusAgrostisSphagnum",0.546871074909607,1989.55,0.549999999999955,5
"94",1989,"HolcusPoa",0.482394511160314,1989.5225,0.522500000000036,8
"95",1989,"Lair",0.625273920725756,1989.54,0.539999999999964,6
"96",1989,"Luzula",0.58478424200062,1989.535,0.535000000000082,5
"97",1989,"Molinia",0.5676522039776,1989.5475,0.5474999999999,5
"98",1989,"NardusJuncus",0.501716658419422,1989.5425,0.542500000000018,3
"99",1989,"NardusRacomitrium",0.49203248728373,1989.5625,0.5625,4
"100",1989,"Plantago",0.586112449973324,1989.53,0.529999999999973,6
"101",1989,"PoorAgrostisFestuca",0.559910103694155,1989.5325,0.532500000000027,6
"102",1989,"RichAgrostisFestuca",0.561234305086753,1989.5475,0.5474999999999,6
"103",1989,"Rumex",0.504833687452242,1989.5125,0.512500000000045,7
"104",1989,"Sphagnum",0.579256423339849,1989.525,0.525000000000091,5
"105",1989,"WetHeath",0.51805367142001,1989.56,0.559999999999945,5
"106",1990,"AgFesMol",0.584877179921399,1990.5275,0.527499999999918,3
"107",1990,"Cliff",0.52578559896696,1990.545,0.545000000000073,4
"108",1990,"DryHeath",0.565207034782057,1990.5625,0.5625,4
"109",1990,"Eriophorum",0.569937009674498,1990.535,0.535000000000082,3
"110",1990,"FestucaRubra",0.600629476518527,1990.55,0.549999999999955,4
"111",1990,"Hirta",0.525450929452182,1990.52,0.519999999999982,7
"112",1990,"Holcus",0.590649561576835,1990.53,0.529999999999973,4
"113",1990,"HolcusAgrostis",0.628523297562163,1990.5275,0.527499999999918,4
"114",1990,"HolcusAgrostisSphagnum",0.579660018730334,1990.55,0.549999999999955,4
"115",1990,"HolcusPoa",0.570095479336073,1990.525,0.525000000000091,4
"116",1990,"Lair",0.631109800885064,1990.535,0.535000000000082,4
"117",1990,"Luzula",0.605047768204537,1990.5325,0.532500000000027,4
"118",1990,"Molinia",0.566058575436333,1990.545,0.545000000000073,4
"119",1990,"NardusJuncus",0.527015505805565,1990.5425,0.542500000000018,2
"120",1990,"NardusRacomitrium",0.495709323405766,1990.56,0.559999999999945,4
"121",1990,"Plantago",0.587688606841955,1990.5275,0.527499999999918,4
"122",1990,"PoorAgrostisFestuca",0.580957289208654,1990.535,0.535000000000082,4
"123",1990,"RichAgrostisFestuca",0.585325123142093,1990.55,0.549999999999955,3
"124",1990,"Rumex",0.537863076227745,1990.515,0.5150000000001,4
"125",1990,"Sphagnum",0.594413483335095,1990.5275,0.527499999999918,4
"126",1990,"WetHeath",0.532451505063574,1990.56,0.559999999999945,3
"127",1991,"AgFesMol",0.603148751540259,1991.525,0.525000000000091,2
"128",1991,"Cliff",0.524089335755862,1991.545,0.545000000000073,3
"129",1991,"DryHeath",0.56857605440704,1991.5525,0.552500000000009,3
"130",1991,"Eriophorum",0.578652017458265,1991.535,0.535000000000082,3
"131",1991,"FestucaRubra",0.60425295173712,1991.545,0.545000000000073,3
"132",1991,"Hirta",0.558519191065479,1991.52,0.519999999999982,4
"133",1991,"Holcus",0.602187673394339,1991.5275,0.527499999999918,3
"134",1991,"HolcusAgrostis",0.646842335740028,1991.5275,0.527499999999918,3
"135",1991,"HolcusAgrostisSphagnum",0.59693202197803,1991.55,0.549999999999955,3
"136",1991,"HolcusPoa",0.584009507511995,1991.525,0.525000000000091,3
"137",1991,"Lair",0.639604576242059,1991.535,0.535000000000082,3
"138",1991,"Luzula",0.602607765712893,1991.53,0.529999999999973,3
"139",1991,"Molinia",0.578181764260888,1991.545,0.545000000000073,3
"140",1991,"NardusJuncus",0.534284515352806,1991.5425,0.542500000000018,2
"141",1991,"NardusRacomitrium",0.517080397812675,1991.5575,0.557499999999891,3
"142",1991,"Plantago",0.586469861523415,1991.525,0.525000000000091,3
"143",1991,"PoorAgrostisFestuca",0.598313753637218,1991.5325,0.532500000000027,3
"144",1991,"RichAgrostisFestuca",0.584257646352497,1991.545,0.545000000000073,3
"145",1991,"Rumex",0.565712241878705,1991.515,0.5150000000001,3
"146",1991,"Sphagnum",0.599055442340137,1991.5275,0.527499999999918,3
"147",1991,"WetHeath",0.537131961284422,1991.56,0.559999999999945,3
"148",1992,"AgFesMol",0.495544693709492,1992.5275,0.527499999999918,5
"149",1992,"Cliff",0.427174289273147,1992.5425,0.542500000000018,6
"150",1992,"DryHeath",0.467498331665698,1992.5475,0.5474999999999,6
"151",1992,"Eriophorum",0.482993705698297,1992.535,0.535000000000082,5
"152",1992,"FestucaRubra",0.481572877275187,1992.53,0.529999999999973,6
"153",1992,"Hirta",0.442080946829652,1992.52,0.519999999999982,7
"154",1992,"Holcus",0.436554196574672,1992.525,0.525000000000091,7
"155",1992,"HolcusAgrostis",0.565075802159594,1992.5275,0.527499999999918,5
"156",1992,"HolcusAgrostisSphagnum",0.519977348097145,1992.5475,0.5474999999999,5
"157",1992,"HolcusPoa",0.437994474090353,1992.5225,0.522500000000036,7
"158",1992,"Lair",0.548861084815756,1992.52,0.519999999999982,5
"159",1992,"Luzula",0.473997434256577,1992.5175,0.517499999999927,7
"160",1992,"Molinia",0.490498993674719,1992.5425,0.542500000000018,6
"161",1992,"NardusJuncus",0.420071784658496,1992.545,0.545000000000073,4
"162",1992,"NardusRacomitrium",0.400939218144734,1992.575,0.575000000000045,5
"163",1992,"Plantago",0.510779550849644,1992.5125,0.512500000000045,5
"164",1992,"PoorAgrostisFestuca",0.48111935775987,1992.5325,0.532500000000027,6
"165",1992,"RichAgrostisFestuca",0.469519556689792,1992.54,0.539999999999964,6
"166",1992,"Rumex",0.423797762034314,1992.5125,0.512500000000045,5
"167",1992,"Sphagnum",0.510030912674778,1992.525,0.525000000000091,6
"168",1992,"WetHeath",0.426286069849968,1992.56,0.559999999999945,5
"169",1993,"AgFesMol",0.568893377806215,1993.5275,0.527499999999918,5
"170",1993,"Cliff",0.496689410088782,1993.545,0.545000000000073,6
"171",1993,"DryHeath",0.523518118422647,1993.56,0.559999999999945,6
"172",1993,"Eriophorum",0.540928194742525,1993.5375,0.537499999999909,6
"173",1993,"FestucaRubra",0.570477483098429,1993.5475,0.5474999999999,6
"174",1993,"Hirta",0.532394940892396,1993.52,0.519999999999982,7
"175",1993,"Holcus",0.559031482109585,1993.525,0.525000000000091,6
"176",1993,"HolcusAgrostis",0.632419289109114,1993.5275,0.527499999999918,4
"177",1993,"HolcusAgrostisSphagnum",0.578979789191002,1993.55,0.549999999999955,5
"178",1993,"HolcusPoa",0.568028582634585,1993.525,0.525000000000091,6
"179",1993,"Lair",0.605516380968793,1993.5375,0.537499999999909,6
"180",1993,"Luzula",0.571649398125989,1993.5325,0.532500000000027,6
"181",1993,"Molinia",0.532908854802647,1993.545,0.545000000000073,6
"182",1993,"NardusJuncus",0.464931171920405,1993.545,0.545000000000073,3
"183",1993,"NardusRacomitrium",0.449701192023385,1993.5625,0.5625,6
"184",1993,"Plantago",0.55788145976818,1993.5325,0.532500000000027,6
"185",1993,"PoorAgrostisFestuca",0.554565819212176,1993.5375,0.537499999999909,6
"186",1993,"RichAgrostisFestuca",0.556862249258156,1993.55,0.549999999999955,5
"187",1993,"Rumex",0.503297752616638,1993.5125,0.512500000000045,5
"188",1993,"Sphagnum",0.560227986379912,1993.53,0.529999999999973,6
"189",1993,"WetHeath",0.481076189276057,1993.56,0.559999999999945,6
"190",1994,"AgFesMol",0.546499692525928,1994.525,0.525000000000091,2
"191",1994,"Cliff",0.499587378689779,1994.545,0.545000000000073,2
"192",1994,"DryHeath",0.551355263359931,1994.5525,0.552500000000009,2
"193",1994,"Eriophorum",0.53994029275093,1994.53,0.529999999999973,2
"194",1994,"FestucaRubra",0.5851506761054,1994.545,0.545000000000073,2
"195",1994,"Hirta",0.541424477112763,1994.52,0.519999999999982,2
"196",1994,"Holcus",0.567353361208978,1994.5275,0.527499999999918,2
"197",1994,"HolcusAgrostis",0.62165873107779,1994.5275,0.527499999999918,2
"198",1994,"HolcusAgrostisSphagnum",0.580704347377758,1994.55,0.549999999999955,2
"199",1994,"HolcusPoa",0.553250494886104,1994.5225,0.522500000000036,2
"200",1994,"Lair",0.628145249486518,1994.5325,0.532500000000027,2
"201",1994,"Luzula",0.569156642389965,1994.52,0.519999999999982,1
"202",1994,"Molinia",0.558668615509536,1994.5425,0.542500000000018,2
"203",1994,"NardusJuncus",0.469295747748387,1994.5425,0.542500000000018,2
"204",1994,"NardusRacomitrium",0.473586260267621,1994.555,0.555000000000064,2
"205",1994,"Plantago",0.552297091608519,1994.515,0.5150000000001,2
"206",1994,"PoorAgrostisFestuca",0.555934305279273,1994.5325,0.532500000000027,2
"207",1994,"RichAgrostisFestuca",0.557618066486513,1994.5375,0.537499999999909,2
"208",1994,"Rumex",0.524057233562692,1994.5125,0.512500000000045,2
"209",1994,"Sphagnum",0.557929542885279,1994.525,0.525000000000091,2
"210",1994,"WetHeath",0.505295674318343,1994.56,0.559999999999945,2
"211",1995,"AgFesMol",0.645366068011349,1995.525,0.525000000000091,7
"212",1995,"Cliff",0.560682270297483,1995.545,0.545000000000073,9
"213",1995,"DryHeath",0.602827204489839,1995.555,0.555000000000064,8
"214",1995,"Eriophorum",0.616610452755559,1995.535,0.535000000000082,8
"215",1995,"FestucaRubra",0.640000371000985,1995.545,0.545000000000073,8
"216",1995,"Hirta",0.58074491596188,1995.52,0.519999999999982,10
"217",1995,"Holcus",0.618188389623017,1995.525,0.525000000000091,9
"218",1995,"HolcusAgrostis",0.671919359136069,1995.5275,0.527499999999918,8
"219",1995,"HolcusAgrostisSphagnum",0.641103371992367,1995.55,0.549999999999955,8
"220",1995,"HolcusPoa",0.624630669383969,1995.525,0.525000000000091,9
"221",1995,"Lair",0.693851408334237,1995.5325,0.532500000000027,8
"222",1995,"Luzula",0.637951146094681,1995.5225,0.522500000000036,8
"223",1995,"Molinia",0.60836709261131,1995.545,0.545000000000073,8
"224",1995,"NardusJuncus",0.545191265445419,1995.5425,0.542500000000018,6
"225",1995,"NardusRacomitrium",0.547356357207279,1995.56,0.559999999999945,8
"226",1995,"Plantago",0.639736393817369,1995.5225,0.522500000000036,8
"227",1995,"PoorAgrostisFestuca",0.619927733625434,1995.5325,0.532500000000027,9
"228",1995,"RichAgrostisFestuca",0.610793118290788,1995.5475,0.5474999999999,9
"229",1995,"Rumex",0.583675862221724,1995.515,0.5150000000001,9
"230",1995,"Sphagnum",0.624150376446332,1995.5275,0.527499999999918,8
"231",1995,"WetHeath",0.572295810015093,1995.5625,0.5625,9
"232",1996,"AgFesMol",0.537510472226488,1996.53,0.529999999999973,8
"233",1996,"Cliff",0.510594519929578,1996.545,0.545000000000073,8
"234",1996,"DryHeath",0.585840261534654,1996.5625,0.5625,7
"235",1996,"Eriophorum",0.591037501712155,1996.5325,0.532500000000027,6
"236",1996,"FestucaRubra",0.591480009114692,1996.565,0.565000000000055,8
"237",1996,"Hirta",0.561988026342499,1996.52,0.519999999999982,9
"238",1996,"Holcus",0.563986357931798,1996.55,0.549999999999955,9
"239",1996,"HolcusAgrostis",0.623761686088292,1996.53,0.529999999999973,8
"240",1996,"HolcusAgrostisSphagnum",0.596094370769045,1996.55,0.549999999999955,8
"241",1996,"HolcusPoa",0.578606812988245,1996.525,0.525000000000091,9
"242",1996,"Lair",0.653772704501473,1996.5525,0.552500000000009,8
"243",1996,"Luzula",0.624246439445138,1996.545,0.545000000000073,6
"244",1996,"Molinia",0.590716441155167,1996.5425,0.542500000000018,7
"245",1996,"NardusJuncus",0.552448807608147,1996.54,0.539999999999964,4
"246",1996,"NardusRacomitrium",0.508050145825143,1996.55,0.549999999999955,7
"247",1996,"Plantago",0.57658049137295,1996.545,0.545000000000073,8
"248",1996,"PoorAgrostisFestuca",0.578739528690863,1996.5325,0.532500000000027,8
"249",1996,"RichAgrostisFestuca",0.600033333576439,1996.5625,0.5625,7
"250",1996,"Rumex",0.551548967280677,1996.515,0.5150000000001,8
"251",1996,"Sphagnum",0.590219438521301,1996.5325,0.532500000000027,7
"252",1996,"WetHeath",0.549172583486723,1996.56,0.559999999999945,7
"253",1997,"AgFesMol",0.563576494262139,1997.525,0.525000000000091,6
"254",1997,"Cliff",0.52258497150109,1997.545,0.545000000000073,6
"255",1997,"DryHeath",0.545912509568537,1997.5475,0.5474999999999,7
"256",1997,"Eriophorum",0.576620928693733,1997.5325,0.532500000000027,5
"257",1997,"FestucaRubra",0.566531569721394,1997.5425,0.542500000000018,7
"258",1997,"Hirta",0.552091021191005,1997.52,0.519999999999982,7
"259",1997,"Holcus",0.562530611356771,1997.5275,0.527499999999918,7
"260",1997,"HolcusAgrostis",0.616758288326503,1997.5275,0.527499999999918,6
"261",1997,"HolcusAgrostisSphagnum",0.598589727985751,1997.5475,0.5474999999999,5
"262",1997,"HolcusPoa",0.575318331029616,1997.525,0.525000000000091,6
"263",1997,"Lair",0.629332539752517,1997.5375,0.537499999999909,6
"264",1997,"Luzula",0.600817104566355,1997.53,0.529999999999973,6
"265",1997,"Molinia",0.566803991949936,1997.5425,0.542500000000018,7
"266",1997,"NardusJuncus",0.548746397263473,1997.5425,0.542500000000018,2
"267",1997,"NardusRacomitrium",0.486222491367706,1997.5525,0.552500000000009,6
"268",1997,"Plantago",0.57615156631343,1997.53,0.529999999999973,6
"269",1997,"PoorAgrostisFestuca",0.566063882303878,1997.5325,0.532500000000027,7
"270",1997,"RichAgrostisFestuca",0.563984852543707,1997.5375,0.537499999999909,7
"271",1997,"Rumex",0.536171497300712,1997.515,0.5150000000001,5
"272",1997,"Sphagnum",0.58434126340002,1997.5275,0.527499999999918,6
"273",1997,"WetHeath",0.511279608735077,1997.56,0.559999999999945,7
"274",1998,"AgFesMol",0.536375887567968,1998.5325,0.532500000000027,7
"275",1998,"Cliff",0.481922426772774,1998.5425,0.542500000000018,8
"276",1998,"DryHeath",0.549991115980408,1998.5525,0.552500000000009,7
"277",1998,"Eriophorum",0.518440040324177,1998.5425,0.542500000000018,7
"278",1998,"FestucaRubra",0.521555498775771,1998.5425,0.542500000000018,8
"279",1998,"Hirta",0.504081571862068,1998.52,0.519999999999982,9
"280",1998,"Holcus",0.510869461060526,1998.525,0.525000000000091,8
"281",1998,"HolcusAgrostis",0.563549457149849,1998.5275,0.527499999999918,9
"282",1998,"HolcusAgrostisSphagnum",0.574177365040744,1998.5525,0.552500000000009,7
"283",1998,"HolcusPoa",0.540815004290447,1998.5225,0.522500000000036,7
"284",1998,"Lair",0.592144362964098,1998.53,0.529999999999973,7
"285",1998,"Luzula",0.576352775966461,1998.53,0.529999999999973,7
"286",1998,"Molinia",0.549920895832089,1998.545,0.545000000000073,7
"287",1998,"NardusJuncus",0.524154733049596,1998.5425,0.542500000000018,5
"288",1998,"NardusRacomitrium",0.486296715821856,1998.5575,0.557499999999891,7
"289",1998,"Plantago",0.536099799195735,1998.52,0.519999999999982,8
"290",1998,"PoorAgrostisFestuca",0.515373790795797,1998.5425,0.542500000000018,8
"291",1998,"RichAgrostisFestuca",0.538816657468563,1998.5225,0.522500000000036,8
"292",1998,"Rumex",0.472541747518219,1998.5125,0.512500000000045,9
"293",1998,"Sphagnum",0.551057157556408,1998.5275,0.527499999999918,7
"294",1998,"WetHeath",0.498456089823901,1998.56,0.559999999999945,8
"295",1999,"AgFesMol",0.621744446088214,1999.5225,0.522500000000036,9
"296",1999,"Cliff",0.520426240704792,1999.545,0.545000000000073,12
"297",1999,"DryHeath",0.534533448981638,1999.5525,0.552500000000009,12
"298",1999,"Eriophorum",0.554991539704852,1999.535,0.535000000000082,10
"299",1999,"FestucaRubra",0.611206218238849,1999.55,0.549999999999955,10
"300",1999,"Hirta",0.531945712497997,1999.52,0.519999999999982,14
"301",1999,"Holcus",0.587645325623073,1999.5275,0.527499999999918,11
"302",1999,"HolcusAgrostis",0.626440021048544,1999.5275,0.527499999999918,12
"303",1999,"HolcusAgrostisSphagnum",0.620090842390729,1999.5475,0.5474999999999,10
"304",1999,"HolcusPoa",0.574264283988475,1999.525,0.525000000000091,12
"305",1999,"Lair",0.624225135104458,1999.5525,0.552500000000009,12
"306",1999,"Luzula",0.590743057951182,1999.5375,0.537499999999909,10
"307",1999,"Molinia",0.559221170015416,1999.5425,0.542500000000018,12
"308",1999,"NardusJuncus",0.492995299132618,1999.5425,0.542500000000018,6
"309",1999,"NardusRacomitrium",0.468020413090672,1999.555,0.555000000000064,10
"310",1999,"Plantago",0.577372401784226,1999.5375,0.537499999999909,11
"311",1999,"PoorAgrostisFestuca",0.561657268510768,1999.5325,0.532500000000027,12
"312",1999,"RichAgrostisFestuca",0.555814821645859,1999.5475,0.5474999999999,12
"313",1999,"Rumex",0.526571863106903,1999.5125,0.512500000000045,11
"314",1999,"Sphagnum",0.573631862528746,1999.525,0.525000000000091,12
"315",1999,"WetHeath",0.51511387558207,1999.56,0.559999999999945,11
"316",2000,"AgFesMol",0.598883308555951,2000.525,0.525000000000091,10
"317",2000,"Cliff",0.506099414066428,2000.545,0.545000000000073,15
"318",2000,"DryHeath",0.551198549809639,2000.5475,0.5474999999999,13
"319",2000,"Eriophorum",0.548526716409144,2000.54,0.539999999999964,14
"320",2000,"FestucaRubra",0.555311547750952,2000.535,0.535000000000082,14
"321",2000,"Hirta",0.54496069792131,2000.52,0.519999999999982,18
"322",2000,"Holcus",0.552479942340605,2000.5275,0.527499999999918,15
"323",2000,"HolcusAgrostis",0.62652237487307,2000.53,0.529999999999973,15
"324",2000,"HolcusAgrostisSphagnum",0.598759709879859,2000.55,0.549999999999955,11
"325",2000,"HolcusPoa",0.5519895913468,2000.525,0.525000000000091,15
"326",2000,"Lair",0.616484215989408,2000.5425,0.542500000000018,12
"327",2000,"Luzula",0.596557721908167,2000.5275,0.527499999999918,11
"328",2000,"Molinia",0.562592797384709,2000.5475,0.5474999999999,14
"329",2000,"NardusJuncus",0.526494698303046,2000.5425,0.542500000000018,10
"330",2000,"NardusRacomitrium",0.49851779611145,2000.56,0.559999999999945,13
"331",2000,"Plantago",0.564225974756145,2000.5275,0.527499999999918,11
"332",2000,"PoorAgrostisFestuca",0.57580167463395,2000.5375,0.537499999999909,13
"333",2000,"RichAgrostisFestuca",0.571099293866854,2000.54,0.539999999999964,14
"334",2000,"Rumex",0.51840459924504,2000.5125,0.512500000000045,13
"335",2000,"Sphagnum",0.569331817559372,2000.5275,0.527499999999918,14
"336",2000,"WetHeath",0.519962368252129,2000.56,0.559999999999945,13
"337",2001,"AgFesMol",0.555467690679922,2001.53,0.529999999999973,15
"338",2001,"Cliff",0.507260950129299,2001.545,0.545000000000073,17
"339",2001,"DryHeath",0.525157288472788,2001.5675,0.567500000000109,17
"340",2001,"Eriophorum",0.523925443125958,2001.54,0.539999999999964,16
"341",2001,"FestucaRubra",0.562225508041602,2001.54,0.539999999999964,16
"342",2001,"Hirta",0.508302006368185,2001.52,0.519999999999982,25
"343",2001,"Holcus",0.543098815780117,2001.505,0.505000000000109,19
"344",2001,"HolcusAgrostis",0.628858482899583,2001.5275,0.527499999999918,16
"345",2001,"HolcusAgrostisSphagnum",0.584696351329225,2001.55,0.549999999999955,12
"346",2001,"HolcusPoa",0.578283612813967,2001.525,0.525000000000091,18
"347",2001,"Lair",0.61724292537204,2001.525,0.525000000000091,16
"348",2001,"Luzula",0.58953135772368,2001.53,0.529999999999973,16
"349",2001,"Molinia",0.538558089360335,2001.5475,0.5474999999999,18
"350",2001,"NardusJuncus",0.516550871686833,2001.545,0.545000000000073,11
"351",2001,"NardusRacomitrium",0.48716896456192,2001.5575,0.557499999999891,18
"352",2001,"Plantago",0.551936650309704,2001.505,0.505000000000109,17
"353",2001,"PoorAgrostisFestuca",0.552633512685636,2001.535,0.535000000000082,19
"354",2001,"RichAgrostisFestuca",0.585057771051599,2001.55,0.549999999999955,16
"355",2001,"Rumex",0.512580194744502,2001.5125,0.512500000000045,15
"356",2001,"Sphagnum",0.556404437771148,2001.5275,0.527499999999918,14
"357",2001,"WetHeath",0.525959547742764,2001.56,0.559999999999945,18
"358",2002,"AgFesMol",0.583855852921046,2002.5225,0.522500000000036,9
"359",2002,"Cliff",0.5038511520917,2002.545,0.545000000000073,13
"360",2002,"DryHeath",0.576434442530916,2002.5525,0.552500000000009,12
"361",2002,"Eriophorum",0.567213143846295,2002.53,0.529999999999973,13
"362",2002,"FestucaRubra",0.562534429121276,2002.5475,0.5474999999999,14
"363",2002,"Hirta",0.553986156669765,2002.52,0.519999999999982,14
"364",2002,"Holcus",0.532894219955402,2002.5225,0.522500000000036,13
"365",2002,"HolcusAgrostis",0.629623470963188,2002.5275,0.527499999999918,13
"366",2002,"HolcusAgrostisSphagnum",0.591519481017744,2002.55,0.549999999999955,14
"367",2002,"HolcusPoa",0.568423628531531,2002.525,0.525000000000091,14
"368",2002,"Lair",0.610335419620498,2002.5375,0.537499999999909,12
"369",2002,"Luzula",0.592066729461307,2002.535,0.535000000000082,13
"370",2002,"Molinia",0.579690022931311,2002.54,0.539999999999964,12
"371",2002,"NardusJuncus",0.526580210404662,2002.5425,0.542500000000018,9
"372",2002,"NardusRacomitrium",0.515229379543607,2002.5525,0.552500000000009,12
"373",2002,"Plantago",0.54597909026342,2002.515,0.5150000000001,12
"374",2002,"PoorAgrostisFestuca",0.579412043490413,2002.5325,0.532500000000027,12
"375",2002,"RichAgrostisFestuca",0.581742823066417,2002.555,0.555000000000064,12
"376",2002,"Rumex",0.489515838374909,2002.5125,0.512500000000045,11
"377",2002,"Sphagnum",0.572791358195707,2002.5275,0.527499999999918,13
"378",2002,"WetHeath",0.537484266665189,2002.56,0.559999999999945,11
"379",2003,"AgFesMol",0.542555711699482,2003.5275,0.527499999999918,4
"380",2003,"Cliff",0.498195190034001,2003.545,0.545000000000073,4
"381",2003,"DryHeath",0.534682245664706,2003.5575,0.557499999999891,4
"382",2003,"Eriophorum",0.53590911154454,2003.5375,0.537499999999909,4
"383",2003,"FestucaRubra",0.566865771949846,2003.5475,0.5474999999999,4
"384",2003,"Hirta",0.510301789594971,2003.52,0.519999999999982,6
"385",2003,"Holcus",0.570049507652035,2003.5275,0.527499999999918,3
"386",2003,"HolcusAgrostis",0.611344943320853,2003.5275,0.527499999999918,4
"387",2003,"HolcusAgrostisSphagnum",0.568968320951906,2003.55,0.549999999999955,4
"388",2003,"HolcusPoa",0.544056836640604,2003.5225,0.522500000000036,5
"389",2003,"Lair",0.604728398973555,2003.5375,0.537499999999909,4
"390",2003,"Luzula",0.552247284747681,2003.5325,0.532500000000027,4
"391",2003,"Molinia",0.544895181262931,2003.545,0.545000000000073,4
"392",2003,"NardusJuncus",0.50831272152781,2003.5425,0.542500000000018,3
"393",2003,"NardusRacomitrium",0.470774931060535,2003.5625,0.5625,4
"394",2003,"Plantago",0.552252637637043,2003.5275,0.527499999999918,4
"395",2003,"PoorAgrostisFestuca",0.558467887700627,2003.535,0.535000000000082,5
"396",2003,"RichAgrostisFestuca",0.55948777872569,2003.5475,0.5474999999999,4
"397",2003,"Rumex",0.491101551349828,2003.5125,0.512500000000045,4
"398",2003,"Sphagnum",0.557573797482192,2003.5275,0.527499999999918,4
"399",2003,"WetHeath",0.50038769146171,2003.56,0.559999999999945,4
"400",2004,"AgFesMol",0.456567723374924,2004.535,0.535000000000082,6
"401",2004,"Cliff",0.489470346857413,2004.545,0.545000000000073,5
"402",2004,"DryHeath",0.50526693984038,2004.5475,0.5474999999999,6
"403",2004,"Eriophorum",0.496898146250778,2004.5425,0.542500000000018,6
"404",2004,"FestucaRubra",0.553666937901799,2004.5375,0.537499999999909,5
"405",2004,"Hirta",0.492285990142014,2004.52,0.519999999999982,8
"406",2004,"Holcus",0.528149698729028,2004.5275,0.527499999999918,5
"407",2004,"HolcusAgrostis",0.587400878995234,2004.5275,0.527499999999918,6
"408",2004,"HolcusAgrostisSphagnum",0.528057782271543,2004.55,0.549999999999955,5
"409",2004,"HolcusPoa",0.491474851467389,2004.5225,0.522500000000036,6
"410",2004,"Lair",0.585759298632493,2004.5325,0.532500000000027,6
"411",2004,"Luzula",0.519261553060046,2004.52,0.519999999999982,6
"412",2004,"Molinia",0.533642638496817,2004.545,0.545000000000073,6
"413",2004,"NardusJuncus",0.406995055038065,2004.545,0.545000000000073,2
"414",2004,"NardusRacomitrium",0.429926660275872,2004.5625,0.5625,6
"415",2004,"Plantago",0.543621936163117,2004.5225,0.522500000000036,6
"416",2004,"PoorAgrostisFestuca",0.527287448294504,2004.54,0.539999999999964,6
"417",2004,"RichAgrostisFestuca",0.526843393710297,2004.5325,0.532500000000027,6
"418",2004,"Rumex",0.547295958205517,2004.515,0.5150000000001,4
"419",2004,"Sphagnum",0.524573257095888,2004.525,0.525000000000091,6
"420",2004,"WetHeath",0.474615484770222,2004.56,0.559999999999945,6
"421",2005,"AgFesMol",0.545909808409169,2005.535,0.535000000000082,9
"422",2005,"Cliff",0.513226035993064,2005.545,0.545000000000073,12
"423",2005,"DryHeath",0.52659302410984,2005.55,0.549999999999955,11
"424",2005,"Eriophorum",0.557127823704313,2005.5325,0.532500000000027,11
"425",2005,"FestucaRubra",0.580075151113123,2005.5475,0.5474999999999,12
"426",2005,"Hirta",0.541183878468412,2005.52,0.519999999999982,13
"427",2005,"Holcus",0.562362805775246,2005.5275,0.527499999999918,12
"428",2005,"HolcusAgrostis",0.612585254175141,2005.525,0.525000000000091,12
"429",2005,"HolcusAgrostisSphagnum",0.583841396698645,2005.55,0.549999999999955,11
"430",2005,"HolcusPoa",0.585561248890246,2005.525,0.525000000000091,11
"431",2005,"Lair",0.616110410770433,2005.5275,0.527499999999918,12
"432",2005,"Luzula",0.59481947194677,2005.53,0.529999999999973,12
"433",2005,"Molinia",0.553777160925387,2005.5425,0.542500000000018,11
"434",2005,"NardusJuncus",0.500968632887684,2005.545,0.545000000000073,6
"435",2005,"NardusRacomitrium",0.478995451406326,2005.55,0.549999999999955,11
"436",2005,"Plantago",0.567922651349216,2005.5225,0.522500000000036,12
"437",2005,"PoorAgrostisFestuca",0.569689901455309,2005.53,0.529999999999973,12
"438",2005,"RichAgrostisFestuca",0.545261407537435,2005.5475,0.5474999999999,11
"439",2005,"Rumex",0.490301369129801,2005.5125,0.512500000000045,11
"440",2005,"Sphagnum",0.589718264921914,2005.53,0.529999999999973,11
"441",2005,"WetHeath",0.499654834853202,2005.56,0.559999999999945,10
"442",2006,"AgFesMol",0.523638135286205,2006.5275,0.527499999999918,5
"443",2006,"Cliff",0.488346475993502,2006.5425,0.542500000000018,5
"444",2006,"DryHeath",0.535861772724356,2006.5525,0.552500000000009,4
"445",2006,"Eriophorum",0.538066782631383,2006.5375,0.537499999999909,4
"446",2006,"FestucaRubra",0.531277207167507,2006.5525,0.552500000000009,5
"447",2006,"Hirta",0.502265906666276,2006.52,0.519999999999982,6
"448",2006,"Holcus",0.544791623458828,2006.53,0.529999999999973,5
"449",2006,"HolcusAgrostis",0.613447283093463,2006.5275,0.527499999999918,4
"450",2006,"HolcusAgrostisSphagnum",0.561618507869817,2006.55,0.549999999999955,4
"451",2006,"HolcusPoa",0.504617776554684,2006.525,0.525000000000091,6
"452",2006,"Lair",0.573546923695254,2006.5425,0.542500000000018,5
"453",2006,"Luzula",0.574413223967027,2006.535,0.535000000000082,4
"454",2006,"Molinia",0.565627851124324,2006.545,0.545000000000073,3
"455",2006,"NardusJuncus",0.502322867235958,2006.5425,0.542500000000018,1
"456",2006,"NardusRacomitrium",0.489048613617562,2006.56,0.559999999999945,3
"457",2006,"Plantago",0.555550093634711,2006.525,0.525000000000091,4
"458",2006,"PoorAgrostisFestuca",0.526131125729974,2006.535,0.535000000000082,5
"459",2006,"RichAgrostisFestuca",0.556133378170914,2006.5525,0.552500000000009,4
"460",2006,"Rumex",0.459543819566664,2006.5125,0.512500000000045,5
"461",2006,"Sphagnum",0.556720587833723,2006.53,0.529999999999973,5
"462",2006,"WetHeath",0.487441773020065,2006.56,0.559999999999945,4
"463",2007,"AgFesMol",0.522788362265363,2007.535,0.535000000000082,8
"464",2007,"Cliff",0.516178028282267,2007.545,0.545000000000073,10
"465",2007,"DryHeath",0.507896514345198,2007.57,0.569999999999936,9
"466",2007,"Eriophorum",0.542828251028564,2007.545,0.545000000000073,6
"467",2007,"FestucaRubra",0.551189828373758,2007.5575,0.557499999999891,9
"468",2007,"Hirta",0.498913754161924,2007.52,0.519999999999982,14
"469",2007,"Holcus",0.553167845587407,2007.5275,0.527499999999918,10
"470",2007,"HolcusAgrostis",0.612664225316479,2007.5275,0.527499999999918,9
"471",2007,"HolcusAgrostisSphagnum",0.541278909247279,2007.55,0.549999999999955,8
"472",2007,"HolcusPoa",0.547987418764931,2007.5225,0.522500000000036,9
"473",2007,"Lair",0.60346478015462,2007.5475,0.5474999999999,9
"474",2007,"Luzula",0.546531846534431,2007.53,0.529999999999973,10
"475",2007,"Molinia",0.537354605989172,2007.55,0.549999999999955,9
"476",2007,"NardusJuncus",0.529682233291132,2007.5425,0.542500000000018,3
"477",2007,"NardusRacomitrium",0.456890325374794,2007.5775,0.5775000000001,9
"478",2007,"Plantago",0.557908636245383,2007.5325,0.532500000000027,8
"479",2007,"PoorAgrostisFestuca",0.543235729043202,2007.5425,0.542500000000018,10
"480",2007,"RichAgrostisFestuca",0.561670194509499,2007.5525,0.552500000000009,10
"481",2007,"Rumex",0.537311793735364,2007.515,0.5150000000001,8
"482",2007,"Sphagnum",0.580925206920638,2007.53,0.529999999999973,9
"483",2007,"WetHeath",0.50112544324563,2007.56,0.559999999999945,9
"484",2008,"AgFesMol",0.552380753506803,2008.525,0.525000000000091,5
"485",2008,"Cliff",0.498209393048014,2008.545,0.545000000000073,6
"486",2008,"DryHeath",0.550946619305953,2008.555,0.555000000000064,6
"487",2008,"Eriophorum",0.567042991028669,2008.535,0.535000000000082,6
"488",2008,"FestucaRubra",0.594001505271326,2008.545,0.545000000000073,5
"489",2008,"Hirta",0.548858134994308,2008.52,0.519999999999982,6
"490",2008,"Holcus",0.528197710831837,2008.5275,0.527499999999918,6
"491",2008,"HolcusAgrostis",0.62024690400963,2008.5275,0.527499999999918,5
"492",2008,"HolcusAgrostisSphagnum",0.590789647976953,2008.55,0.549999999999955,5
"493",2008,"HolcusPoa",0.557118962987094,2008.525,0.525000000000091,6
"494",2008,"Lair",0.616355384253632,2008.54,0.539999999999964,5
"495",2008,"Luzula",0.589230362951701,2008.53,0.529999999999973,6
"496",2008,"Molinia",0.566389492093003,2008.545,0.545000000000073,6
"497",2008,"NardusJuncus",0.509636522714537,2008.5425,0.542500000000018,3
"498",2008,"NardusRacomitrium",0.49442128232686,2008.5575,0.557499999999891,6
"499",2008,"Plantago",0.567123968637124,2008.5325,0.532500000000027,5
"500",2008,"PoorAgrostisFestuca",0.563034136605569,2008.5375,0.537499999999909,6
"501",2008,"RichAgrostisFestuca",0.567591037067097,2008.5475,0.5474999999999,6
"502",2008,"Rumex",0.51045865845861,2008.5125,0.512500000000045,6
"503",2008,"Sphagnum",0.58345481549392,2008.5275,0.527499999999918,5
"504",2008,"WetHeath",0.504170393888127,2008.56,0.559999999999945,6
"505",2009,"AgFesMol",0.545723758830819,2009.5225,0.522500000000036,8
"506",2009,"Cliff",0.472600883579041,2009.5425,0.542500000000018,11
"507",2009,"DryHeath",0.572888395145712,2009.5475,0.5474999999999,7
"508",2009,"Eriophorum",0.563058661159548,2009.525,0.525000000000091,8
"509",2009,"FestucaRubra",0.569389730590542,2009.525,0.525000000000091,9
"510",2009,"Hirta",0.512074860444134,2009.52,0.519999999999982,12
"511",2009,"Holcus",0.531719040401835,2009.5075,0.507499999999936,9
"512",2009,"HolcusAgrostis",0.636930054540177,2009.5275,0.527499999999918,7
"513",2009,"HolcusAgrostisSphagnum",0.591081812464946,2009.5475,0.5474999999999,8
"514",2009,"HolcusPoa",0.560118901346818,2009.525,0.525000000000091,9
"515",2009,"Lair",0.611066192928562,2009.52,0.519999999999982,9
"516",2009,"Luzula",0.613280400590244,2009.52,0.519999999999982,8
"517",2009,"Molinia",0.584588553767934,2009.5425,0.542500000000018,8
"518",2009,"NardusJuncus",0.545475121918296,2009.5425,0.542500000000018,4
"519",2009,"NardusRacomitrium",0.505984848222028,2009.5575,0.557499999999891,8
"520",2009,"Plantago",0.555885061531392,2009.5225,0.522500000000036,10
"521",2009,"PoorAgrostisFestuca",0.552036227794723,2009.53,0.529999999999973,11
"522",2009,"RichAgrostisFestuca",0.545766746220369,2009.5375,0.537499999999909,9
"523",2009,"Rumex",0.505944364305023,2009.5125,0.512500000000045,10
"524",2009,"Sphagnum",0.567443142065953,2009.5275,0.527499999999918,9
"525",2009,"WetHeath",0.514849466904041,2009.56,0.559999999999945,8
"526",2010,"AgFesMol",0.596016365757961,2010.5275,0.527499999999918,3
"527",2010,"Cliff",0.527271610867101,2010.545,0.545000000000073,4
"528",2010,"DryHeath",0.538020391048861,2010.55,0.549999999999955,5
"529",2010,"Eriophorum",0.579047089776227,2010.53,0.529999999999973,4
"530",2010,"FestucaRubra",0.618529463053993,2010.55,0.549999999999955,3
"531",2010,"Hirta",0.509983512509431,2010.52,0.519999999999982,8
"532",2010,"Holcus",0.593902215038684,2010.5325,0.532500000000027,3
"533",2010,"HolcusAgrostis",0.604716427326632,2010.5275,0.527499999999918,3
"534",2010,"HolcusAgrostisSphagnum",0.609237823149955,2010.55,0.549999999999955,3
"535",2010,"HolcusPoa",0.572269239964854,2010.525,0.525000000000091,4
"536",2010,"Lair",0.638237901427265,2010.5375,0.537499999999909,5
"537",2010,"Luzula",0.61371551785108,2010.5325,0.532500000000027,3
"538",2010,"Molinia",0.559706153077673,2010.5425,0.542500000000018,5
"539",2010,"NardusJuncus",0.489617440561564,2010.5425,0.542500000000018,2
"540",2010,"NardusRacomitrium",0.500316051327067,2010.5525,0.552500000000009,4
"541",2010,"Plantago",0.601965617752166,2010.53,0.529999999999973,5
"542",2010,"PoorAgrostisFestuca",0.585085489844169,2010.5325,0.532500000000027,4
"543",2010,"RichAgrostisFestuca",0.569206660415104,2010.5525,0.552500000000009,4
"544",2010,"Rumex",0.503801737784974,2010.5125,0.512500000000045,4
"545",2010,"Sphagnum",0.584203524038674,2010.5275,0.527499999999918,4
"546",2010,"WetHeath",0.501864960774597,2010.56,0.559999999999945,4
"547",2011,"AgFesMol",0.542813997080623,2011.53,0.529999999999973,9
"548",2011,"Cliff",0.518977334923881,2011.545,0.545000000000073,9
"549",2011,"DryHeath",0.564810975456173,2011.5575,0.557499999999891,9
"550",2011,"Eriophorum",0.509184058945976,2011.545,0.545000000000073,11
"551",2011,"FestucaRubra",0.568276139089005,2011.535,0.535000000000082,9
"552",2011,"Hirta",0.503694326549083,2011.52,0.519999999999982,12
"553",2011,"Holcus",0.577960420735175,2011.5275,0.527499999999918,8
"554",2011,"HolcusAgrostis",0.612417443545219,2011.5275,0.527499999999918,10
"555",2011,"HolcusAgrostisSphagnum",0.54985841603335,2011.5525,0.552500000000009,11
"556",2011,"HolcusPoa",0.540817079108051,2011.5225,0.522500000000036,10
"557",2011,"Lair",0.590628741778389,2011.53,0.529999999999973,11
"558",2011,"Luzula",0.568765321924222,2011.5275,0.527499999999918,10
"559",2011,"Molinia",0.580333730983879,2011.545,0.545000000000073,9
"560",2011,"NardusJuncus",0.502512632326626,2011.5425,0.542500000000018,4
"561",2011,"NardusRacomitrium",0.480977773519945,2011.57,0.569999999999936,9
"562",2011,"Plantago",0.549543361148714,2011.5175,0.517499999999927,11
"563",2011,"PoorAgrostisFestuca",0.529714924482613,2011.5375,0.537499999999909,11
"564",2011,"RichAgrostisFestuca",0.578636249138593,2011.5425,0.542500000000018,9
"565",2011,"Rumex",0.547666115252311,2011.515,0.5150000000001,9
"566",2011,"Sphagnum",0.554043517252698,2011.53,0.529999999999973,11
"567",2011,"WetHeath",0.526968631351387,2011.56,0.559999999999945,9
"568",2012,"Cliff",0.52375576748193,2012.545,0.545000000000073,1
"569",2012,"DryHeath",0.564659940761818,2012.5525,0.552500000000009,1
"570",2012,"Eriophorum",0.570014819704473,2012.5375,0.537499999999909,1
"571",2012,"FestucaRubra",0.594297199556727,2012.545,0.545000000000073,1
"572",2012,"Hirta",0.555617412313806,2012.52,0.519999999999982,1
"573",2012,"Holcus",0.589971747517644,2012.525,0.525000000000091,1
"574",2012,"HolcusAgrostis",0.630042086835806,2012.5275,0.527499999999918,1
"575",2012,"HolcusAgrostisSphagnum",0.602384137334935,2012.55,0.549999999999955,1
"576",2012,"HolcusPoa",0.586984277269846,2012.525,0.525000000000091,1
"577",2012,"Lair",0.636304226778876,2012.5325,0.532500000000027,1
"578",2012,"Luzula",0.602074736454845,2012.5275,0.527499999999918,1
"579",2012,"Molinia",0.582273502669823,2012.545,0.545000000000073,1
"580",2012,"NardusRacomitrium",0.505661751269996,2012.56,0.559999999999945,1
"581",2012,"Plantago",0.591920446770909,2012.5225,0.522500000000036,1
"582",2012,"PoorAgrostisFestuca",0.579016872224266,2012.535,0.535000000000082,1
"583",2012,"RichAgrostisFestuca",0.584825947246303,2012.545,0.545000000000073,1
"584",2012,"Rumex",0.572981584836275,2012.515,0.5150000000001,1
"585",2012,"Sphagnum",0.58971951886906,2012.5275,0.527499999999918,1
"586",2012,"WetHeath",0.541266033393041,2012.56,0.559999999999945,1
"587",2013,"AgFesMol",0.592852959042198,2013.5225,0.522500000000036,4
"588",2013,"Cliff",0.533273173474265,2013.545,0.545000000000073,4
"589",2013,"DryHeath",0.564504410873317,2013.55,0.549999999999955,4
"590",2013,"Eriophorum",0.577762492550237,2013.53,0.529999999999973,4
"591",2013,"FestucaRubra",0.572971282684049,2013.53,0.529999999999973,3
"592",2013,"Hirta",0.555573607981096,2013.52,0.519999999999982,6
"593",2013,"Holcus",0.581058284802572,2013.5175,0.517499999999927,4
"594",2013,"HolcusAgrostis",0.643515850186661,2013.5275,0.527499999999918,4
"595",2013,"HolcusAgrostisSphagnum",0.599836780214001,2013.5475,0.5474999999999,4
"596",2013,"HolcusPoa",0.618692765899878,2013.525,0.525000000000091,4
"597",2013,"Lair",0.645622963067314,2013.53,0.529999999999973,3
"598",2013,"Luzula",0.605656089983715,2013.525,0.525000000000091,4
"599",2013,"Molinia",0.579243658735552,2013.545,0.545000000000073,4
"600",2013,"NardusJuncus",0.486300292369158,2013.5425,0.542500000000018,2
"601",2013,"NardusRacomitrium",0.511552940200349,2013.555,0.555000000000064,4
"602",2013,"Plantago",0.596115345060291,2013.5075,0.507499999999936,5
"603",2013,"PoorAgrostisFestuca",0.586659239022784,2013.5325,0.532500000000027,4
"604",2013,"RichAgrostisFestuca",0.581362698959268,2013.5425,0.542500000000018,4
"605",2013,"Rumex",0.582460297414541,2013.515,0.5150000000001,5
"606",2013,"Sphagnum",0.591766691507368,2013.525,0.525000000000091,4
"607",2013,"WetHeath",0.541463515315974,2013.56,0.559999999999945,4
"608",2014,"AgFesMol",0.657300563154628,2014.525,0.525000000000091,14
"609",2014,"Cliff",0.580999091074333,2014.545,0.545000000000073,16
"610",2014,"DryHeath",0.587237064275483,2014.5475,0.5474999999999,17
"611",2014,"Eriophorum",0.611031810575012,2014.535,0.535000000000082,15
"612",2014,"FestucaRubra",0.631617471374556,2014.5375,0.537499999999909,15
"613",2014,"Hirta",0.623542204103129,2014.52,0.519999999999982,20
"614",2014,"Holcus",0.674668116951716,2014.5375,0.537499999999909,17
"615",2014,"HolcusAgrostis",0.673182950034537,2014.525,0.525000000000091,15
"616",2014,"HolcusAgrostisSphagnum",0.656973623596749,2014.545,0.545000000000073,14
"617",2014,"HolcusPoa",0.691471587366318,2014.525,0.525000000000091,17
"618",2014,"Lair",0.693864813038338,2014.53,0.529999999999973,16
"619",2014,"Luzula",0.641914873359067,2014.5275,0.527499999999918,14
"620",2014,"Molinia",0.610353681839333,2014.5375,0.537499999999909,16
"621",2014,"NardusJuncus",0.557179797674003,2014.54,0.539999999999964,7
"622",2014,"NardusRacomitrium",0.54851731358373,2014.5525,0.552500000000009,16
"623",2014,"Plantago",0.625511409170204,2014.52,0.519999999999982,16
"624",2014,"PoorAgrostisFestuca",0.660902758164819,2014.525,0.525000000000091,17
"625",2014,"RichAgrostisFestuca",0.610985514020562,2014.545,0.545000000000073,16
"626",2014,"Rumex",0.661297593114378,2014.5175,0.517499999999927,13
"627",2014,"Sphagnum",0.64777311147592,2014.525,0.525000000000091,15
"628",2014,"WetHeath",0.566069920350188,2014.5625,0.5625,16
"629",2015,"AgFesMol",0.632727535431815,2015.5275,0.527499999999918,16
"630",2015,"Cliff",0.564106648857045,2015.545,0.545000000000073,19
"631",2015,"DryHeath",0.598200581219045,2015.5575,0.557499999999891,19
"632",2015,"Eriophorum",0.620652924776675,2015.5375,0.537499999999909,19
"633",2015,"FestucaRubra",0.647875607685022,2015.56,0.559999999999945,18
"634",2015,"Hirta",0.59308994001455,2015.52,0.519999999999982,23
"635",2015,"Holcus",0.633971510997033,2015.5525,0.552500000000009,20
"636",2015,"HolcusAgrostis",0.656687081433961,2015.5275,0.527499999999918,20
"637",2015,"HolcusAgrostisSphagnum",0.636179649220166,2015.55,0.549999999999955,20
"638",2015,"HolcusPoa",0.66173516757241,2015.525,0.525000000000091,20
"639",2015,"Lair",0.686627578806751,2015.5475,0.5474999999999,19
"640",2015,"Luzula",0.639823891709454,2015.535,0.535000000000082,19
"641",2015,"Molinia",0.602945519011232,2015.5425,0.542500000000018,20
"642",2015,"NardusJuncus",0.560538967935759,2015.5425,0.542500000000018,10
"643",2015,"NardusRacomitrium",0.548229050477459,2015.555,0.555000000000064,20
"644",2015,"Plantago",0.640086777370409,2015.555,0.555000000000064,20
"645",2015,"PoorAgrostisFestuca",0.62033755702796,2015.535,0.535000000000082,20
"646",2015,"RichAgrostisFestuca",0.612240003497659,2015.555,0.555000000000064,19
"647",2015,"Rumex",0.615111605180233,2015.515,0.5150000000001,18
"648",2015,"Sphagnum",0.629242175169227,2015.53,0.529999999999973,17
"649",2015,"WetHeath",0.573324814024592,2015.5625,0.5625,19
"650",2016,"AgFesMol",0.559754468880353,2016.5525,0.552500000000009,13
"651",2016,"Cliff",0.565313827236155,2016.545,0.545000000000073,19
"652",2016,"DryHeath",0.563475417617756,2016.56,0.559999999999945,18
"653",2016,"Eriophorum",0.577078364356064,2016.5825,0.582499999999982,16
"654",2016,"FestucaRubra",0.622750056456787,2016.525,0.525000000000091,18
"655",2016,"Hirta",0.584614803866804,2016.52,0.519999999999982,24
"656",2016,"Holcus",0.599696532938217,2016.5225,0.522500000000036,20
"657",2016,"HolcusAgrostis",0.655911581264612,2016.53,0.529999999999973,17
"658",2016,"HolcusAgrostisSphagnum",0.593911088619462,2016.555,0.555000000000064,18
"659",2016,"HolcusPoa",0.643356097784629,2016.5225,0.522500000000036,19
"660",2016,"Lair",0.65629441657123,2016.5025,0.502500000000055,17
"661",2016,"Luzula",0.613242487294494,2016.5,0.5,16
"662",2016,"Molinia",0.585368573191315,2016.56,0.559999999999945,18
"663",2016,"NardusJuncus",0.582944744943776,2016.545,0.545000000000073,9
"664",2016,"NardusRacomitrium",0.511540098584373,2016.585,0.585000000000036,18
"665",2016,"Plantago",0.62288942042622,2016.4925,0.492500000000064,16
"666",2016,"PoorAgrostisFestuca",0.580913418959049,2016.5575,0.557499999999891,20
"667",2016,"RichAgrostisFestuca",0.590625305107031,2016.53,0.529999999999973,21
"668",2016,"Rumex",0.648278852443972,2016.5175,0.517499999999927,17
"669",2016,"Sphagnum",0.599732465606652,2016.525,0.525000000000091,18
"670",2016,"WetHeath",0.556213539873785,2016.5625,0.5625,19
"671",2017,"AgFesMol",0.649084392370202,2017.52,0.519999999999982,19
"672",2017,"Cliff",0.575112196298692,2017.545,0.545000000000073,22
"673",2017,"DryHeath",0.59810944526386,2017.52,0.519999999999982,23
"674",2017,"Eriophorum",0.624917118780385,2017.5275,0.527499999999918,22
"675",2017,"FestucaRubra",0.63622899481654,2017.5225,0.522500000000036,21
"676",2017,"Hirta",0.594805894048441,2017.52,0.519999999999982,26
"677",2017,"Holcus",0.649952365405181,2017.51,0.509999999999991,23
"678",2017,"HolcusAgrostis",0.682357946121343,2017.525,0.525000000000091,22
"679",2017,"HolcusAgrostisSphagnum",0.636531518678927,2017.545,0.545000000000073,20
"680",2017,"HolcusPoa",0.679411356000883,2017.525,0.525000000000091,22
"681",2017,"Lair",0.665113585118295,2017.51,0.509999999999991,20
"682",2017,"Luzula",0.639975666586087,2017.5075,0.507499999999936,22
"683",2017,"Molinia",0.618603002640743,2017.54,0.539999999999964,23
"684",2017,"NardusJuncus",0.593501420805765,2017.5425,0.542500000000018,15
"685",2017,"NardusRacomitrium",0.566052887571465,2017.55,0.549999999999955,23
"686",2017,"Plantago",0.632040956184755,2017.4875,0.487499999999955,21
"687",2017,"PoorAgrostisFestuca",0.633834789317424,2017.53,0.529999999999973,23
"688",2017,"RichAgrostisFestuca",0.611499817298053,2017.5125,0.512500000000045,23
"689",2017,"Rumex",0.636211781042621,2017.515,0.5150000000001,22
"690",2017,"Sphagnum",0.624579401350076,2017.52,0.519999999999982,22
"691",2017,"WetHeath",0.583736456194543,2017.5625,0.5625,22
"692",2018,"AgFesMol",0.612327102939573,2018.5275,0.527499999999918,14
"693",2018,"Cliff",0.540034891049441,2018.545,0.545000000000073,20
"694",2018,"DryHeath",0.574646612207719,2018.535,0.535000000000082,17
"695",2018,"Eriophorum",0.613428432050738,2018.53,0.529999999999973,14
"696",2018,"FestucaRubra",0.601810090503416,2018.5425,0.542500000000018,17
"697",2018,"Hirta",0.577016729203962,2018.52,0.519999999999982,24
"698",2018,"Holcus",0.597257251306736,2018.515,0.5150000000001,18
"699",2018,"HolcusAgrostis",0.65430383944675,2018.5275,0.527499999999918,17
"700",2018,"HolcusAgrostisSphagnum",0.626316787766225,2018.55,0.549999999999955,16
"701",2018,"HolcusPoa",0.655887055339165,2018.525,0.525000000000091,19
"702",2018,"Lair",0.683706935307876,2018.52,0.519999999999982,18
"703",2018,"Luzula",0.596593330171583,2018.515,0.5150000000001,15
"704",2018,"Molinia",0.601413235175038,2018.55,0.549999999999955,17
"705",2018,"NardusJuncus",0.579971111248837,2018.54,0.539999999999964,10
"706",2018,"NardusRacomitrium",0.542010978101727,2018.5625,0.5625,16
"707",2018,"Plantago",0.629417327921427,2018.505,0.505000000000109,17
"708",2018,"PoorAgrostisFestuca",0.594197686672323,2018.5375,0.537499999999909,21
"709",2018,"RichAgrostisFestuca",0.573666249273173,2018.5325,0.532500000000027,19
"710",2018,"Rumex",0.616517607795395,2018.515,0.5150000000001,16
"711",2018,"Sphagnum",0.599343497387427,2018.52,0.519999999999982,17
"712",2018,"WetHeath",0.563145893816462,2018.5625,0.5625,18
"713",2019,"AgFesMol",0.635176033243499,2019.525,0.525000000000091,13
"714",2019,"Cliff",0.607112884775706,2019.545,0.545000000000073,17
"715",2019,"DryHeath",0.623994386946986,2019.57,0.569999999999936,15
"716",2019,"Eriophorum",0.606400159920689,2019.56,0.559999999999945,17
"717",2019,"FestucaRubra",0.650886725434525,2019.5575,0.557499999999891,15
"718",2019,"Hirta",0.663349580306703,2019.52,0.519999999999982,17
"719",2019,"Holcus",0.667383569994351,2019.54,0.539999999999964,16
"720",2019,"HolcusAgrostis",0.69228363389044,2019.5325,0.532500000000027,16
"721",2019,"HolcusAgrostisSphagnum",0.666373232664309,2019.5575,0.557499999999891,17
"722",2019,"HolcusPoa",0.706492857929068,2019.5275,0.527499999999918,17
"723",2019,"Lair",0.689498678743419,2019.54,0.539999999999964,15
"724",2019,"Luzula",0.683738105228152,2019.53,0.529999999999973,16
"725",2019,"Molinia",0.632696801540996,2019.555,0.555000000000064,16
"726",2019,"NardusJuncus",0.572045940049149,2019.54,0.539999999999964,10
"727",2019,"NardusRacomitrium",0.581368723954125,2019.605,0.605000000000018,17
"728",2019,"Plantago",0.626297584268034,2019.5275,0.527499999999918,15
"729",2019,"PoorAgrostisFestuca",0.642695666325377,2019.54,0.539999999999964,16
"730",2019,"RichAgrostisFestuca",0.645811016905334,2019.5275,0.527499999999918,16
"731",2019,"Rumex",0.658041365444505,2019.5175,0.517499999999927,16
"732",2019,"Sphagnum",0.632680285136981,2019.5325,0.532500000000027,17
"733",2019,"WetHeath",0.622412310402142,2019.5625,0.5625,15
"734",2020,"AgFesMol",0.681221541732495,2020.54,0.539999999999964,10
"735",2020,"Cliff",0.602316762768504,2020.545,0.545000000000073,12
"736",2020,"DryHeath",0.621872332368618,2020.56,0.559999999999945,12
"737",2020,"Eriophorum",0.627348913050392,2020.56,0.559999999999945,11
"738",2020,"FestucaRubra",0.670607654080832,2020.545,0.545000000000073,12
"739",2020,"Hirta",0.662647759164597,2020.52,0.519999999999982,12
"740",2020,"Holcus",0.678263312281252,2020.53,0.529999999999973,12
"741",2020,"HolcusAgrostis",0.686385114062005,2020.53,0.529999999999973,12
"742",2020,"HolcusAgrostisSphagnum",0.650485065836372,2020.55,0.549999999999955,12
"743",2020,"HolcusPoa",0.696549174331841,2020.525,0.525000000000091,12
"744",2020,"Lair",0.718439607044598,2020.53,0.529999999999973,12
"745",2020,"Luzula",0.674454163693137,2020.5025,0.502500000000055,12
"746",2020,"Molinia",0.636217221364405,2020.56,0.559999999999945,12
"747",2020,"NardusJuncus",0.641052005540305,2020.5425,0.542500000000018,8
"748",2020,"NardusRacomitrium",0.591767486773662,2020.59,0.589999999999918,12
"749",2020,"Plantago",0.681556345494736,2020.51,0.509999999999991,12
"750",2020,"PoorAgrostisFestuca",0.652028660884846,2020.555,0.555000000000064,12
"751",2020,"RichAgrostisFestuca",0.648560569804439,2020.5425,0.542500000000018,12
"752",2020,"Rumex",0.668820893618984,2020.5175,0.517499999999927,12
"753",2020,"Sphagnum",0.636650713440929,2020.5275,0.527499999999918,11
"754",2020,"WetHeath",0.617251096141707,2020.5625,0.5625,12
"755",2021,"AgFesMol",0.640401920751639,2021.5325,0.532500000000027,5
"756",2021,"Cliff",0.565668781196541,2021.545,0.545000000000073,7
"757",2021,"DryHeath",0.58846753132826,2021.56,0.559999999999945,8
"758",2021,"Eriophorum",0.596132542819308,2021.54,0.539999999999964,5
"759",2021,"FestucaRubra",0.643540326645898,2021.55,0.549999999999955,9
"760",2021,"Hirta",0.63216772195527,2021.52,0.519999999999982,10
"761",2021,"Holcus",0.614033747437975,2021.5175,0.517499999999927,7
"762",2021,"HolcusAgrostis",0.640867124923031,2021.53,0.529999999999973,7
"763",2021,"HolcusAgrostisSphagnum",0.652393879058633,2021.555,0.555000000000064,6
"764",2021,"HolcusPoa",0.662864443108791,2021.525,0.525000000000091,7
"765",2021,"Lair",0.704292910136459,2021.535,0.535000000000082,8
"766",2021,"Luzula",0.627653146981333,2021.53,0.529999999999973,7
"767",2021,"Molinia",0.607097002801183,2021.5475,0.5474999999999,8
"768",2021,"NardusJuncus",0.561941804385397,2021.5425,0.542500000000018,4
"769",2021,"NardusRacomitrium",0.563484507773958,2021.5625,0.5625,7
"770",2021,"Plantago",0.641138766493095,2021.5225,0.522500000000036,8
"771",2021,"PoorAgrostisFestuca",0.608609769467417,2021.54,0.539999999999964,9
"772",2021,"RichAgrostisFestuca",0.631892751462646,2021.56,0.559999999999945,8
"773",2021,"Rumex",0.667039529450771,2021.5175,0.517499999999927,6
"774",2021,"Sphagnum",0.619147549802574,2021.53,0.529999999999973,5
"775",2021,"WetHeath",0.566361999702675,2021.5625,0.5625,8
"776",2022,"AgFesMol",0.634020434373921,2022.5425,0.542500000000018,11
"777",2022,"Cliff",0.602921822798139,2022.545,0.545000000000073,14
"778",2022,"DryHeath",0.611567245378917,2022.5625,0.5625,13
"779",2022,"Eriophorum",0.617560744324731,2022.5375,0.537499999999909,13
"780",2022,"FestucaRubra",0.680528351975635,2022.5525,0.552500000000009,13
"781",2022,"Hirta",0.637262893820705,2022.52,0.519999999999982,15
"782",2022,"Holcus",0.651950729388529,2022.54,0.539999999999964,15
"783",2022,"HolcusAgrostis",0.677534470067217,2022.5275,0.527499999999918,12
"784",2022,"HolcusAgrostisSphagnum",0.658339522356743,2022.5525,0.552500000000009,13
"785",2022,"HolcusPoa",0.688739277621948,2022.525,0.525000000000091,14
"786",2022,"Lair",0.713202160978738,2022.5475,0.5474999999999,12
"787",2022,"Luzula",0.657941967047892,2022.5275,0.527499999999918,14
"788",2022,"Molinia",0.613957112230655,2022.5475,0.5474999999999,13
"789",2022,"NardusJuncus",0.5763260627082,2022.54,0.539999999999964,5
"790",2022,"NardusRacomitrium",0.601378819048709,2022.5675,0.567500000000109,13
"791",2022,"Plantago",0.661308007119498,2022.5225,0.522500000000036,11
"792",2022,"PoorAgrostisFestuca",0.639940717394267,2022.55,0.549999999999955,14
"793",2022,"RichAgrostisFestuca",0.63225077552609,2022.565,0.565000000000055,12
"794",2022,"Rumex",0.667684737771869,2022.5175,0.517499999999927,13
"795",2022,"Sphagnum",0.63616066413613,2022.5325,0.532500000000027,13
"796",2022,"WetHeath",0.592033591506367,2022.5625,0.5625,11
