"","SgAvWD","SgAvTG","SgTtRRadj","SgGDDadj","BrAvWD","BrAvTG","BrTtRRadj","BrGDDadj","QuAvWD","QuAvTG","QuTtRRadj","QuGDDadj","Year","Month","STAvWD","STAvTG","STTtRRadj","STGDDadj","STNSWD","STEWWD","Time"
"1",4.5881847814422,6.18660637017059,90.9672600861548,44.8391603630745,4.57629440413969,5.77714337995878,90.7912144369559,35.5868737648025,4.36876872660848,5.29532825102367,101.59736074629,26.6805510128949,"1980","01",12.4597222218667,3.93709677419355,97.7,5.9,-1.48471174070219,0.447291044354381,0.0416666666666667
"2",4.10720526624644,6.76180639608008,64.8495793640227,61.1524604530521,4.15584936239371,6.38426416100421,69.4645434391137,51.80624813032,3.93955108629371,5.79156447797326,67.2941569100849,39.313579493782,"1980","02",10.6034482754138,4.83275862068966,46.4,28.9,-3.40929077966975,-0.348310433049957,0.125
"3",3.95547559560918,6.03425288124911,63.5464431795405,38.4907243039672,4.02729113436741,5.66848770078332,62.1789912443977,29.103244541595,3.81816040702714,5.0856236640924,56.8821391510056,16.8301522463973,"1980","03",10.9107643758065,4.41612903225806,58.5,10.45,-2.03867209339043,0.502741124778968,0.208333333333333
"4",3.39686139767787,8.35578515269067,32.94090739117,99.1849444939643,3.17398373526821,7.90946450160947,32.3836374239826,86.2371925217499,3.33879452112425,7.54716848963886,38.7221793489041,75.5948944089693,"1980","04",10.6083333334667,7.54,20.4,76.65,-0.874765367389008,-3.04293696837901,0.291666666666667
"5",2.77290126332656,9.84468546307464,25.924386606585,148.099492127806,2.843291866226,9.52202026828262,7.70756570203216,138.991897109521,2.77440424154038,9.13677657348354,11.5133173689101,128.063559644569,"1980","05",8.72177419351613,9.70322580645161,28.5,145.8,1.33509558947292,1.4932476825316,0.375
"6",2.85478011914805,11.17525222592,47.0719273660535,187.968580447594,2.93643567516558,10.8852999441551,34.4635683394969,179.222312804782,2.92352332832874,10.5322716901876,42.3956689937059,168.411443547152,"1980","06",9.86944444493333,11.4066666666667,66.7,192.2,0.727556642564136,-0.160315252496531,0.458333333333333
"7",3.03048559000684,11.8510972000005,75.5496119624647,212.100529792723,3.2808198714781,11.6430682235045,62.9579092816424,205.828064822141,3.12064201711031,11.2336059709302,70.7701030391037,194.344523916063,"1980","07",10.4126344085484,12.15,115.8,221.65,0.293191370901454,0.89793902392983,0.541666666666667
"8",2.71417165872301,13.1064083993733,50.3803387138633,249.138565379132,2.82761991702471,12.8707001096039,39.105092295343,241.785295373663,2.77519677812271,12.4368394120937,44.0579037373428,228.936089298997,"1980","08",8.37365591354839,13.1129032258065,57,251.5,-0.173108935130225,0.0464139912102802,0.625
"9",3.69808479328834,12.4506889962468,116.757131678077,226.332562043354,3.90192120327153,12.2922160322572,119.124858438615,220.283216207927,3.7038328713235,11.7437941397669,124.226368520478,203.263363682746,"1980","09",11.1708333331,12.1366666666667,170.8,214.1,-3.41724413837982,-1.31482264508939,0.708333333333333
"10",4.25233943819206,9.09336318969365,129.805937450938,124.71734409442,4.07524693135763,8.75761058661806,123.016774674618,115.066998215257,4.10731164143222,8.33796002539535,140.980038216246,103.009529930677,"1980","10",12.7715053764516,7.64032258064516,202.5,85.55,0.132610860259833,-1.15537275531364,0.791666666666667
"11",4.25121130563137,8.01437487183321,130.96951544248,94.7831622766461,4.00337396426394,7.62334980753294,120.713374125589,84.615998293496,4.04283830219237,7.16619569221157,141.254429638452,72.8606605298437,"1980","11",11.6958333332,5.99166666666667,207.4,49.15,0.227469191193139,-0.546037634835162,0.875
"12",4.59825836908991,7.58313989544037,113.316190007376,81.3974323769909,4.15906507567599,7.05555597627287,119.582375311497,68.1211052889485,4.40247158186061,6.73039382466417,148.762652792745,60.6814807534528,"1980","12",13.3508064523871,5.32741935483871,150.9,34.3,-1.30289911217173,-4.6658672930023,0.958333333333333
"13",5.05652722622615,6.49780584553073,117.34767070583,59.4638963527989,4.81797013626216,5.92444606315726,132.016448734356,47.4924613418818,4.93788593282057,5.70430441381447,170.299556087212,47.8390084830325,"1981","01",15.982526882129,4.28387096774194,136.7,33.8,-1.58042895724498,-4.83561923715463,1.04166666666667
"14",5.32323578084845,5.96727146923969,104.073077811244,38.9913802697578,5.63493359212531,5.64830651476978,128.117214347681,31.6378246760083,5.19694536588574,5.1169827846369,129.42790235357,22.3403053150186,"1981","02",16.08184523725,4.24107142857143,87.5,12.5,-5.64153780864521,-1.66338984513539,1.125
"15",4.23641170240509,6.58466681329258,80.0035138705679,54.7942605184997,4.32015772594762,6.19533397815362,79.4163518388896,45.5876493206651,4.12970482330752,5.777647628476,90.5090581369263,37.4233511538975,"1981","03",12.8663510984839,5.27258064516129,96,35.05,-1.26778444995423,-0.0557400179261144,1.20833333333333
"16",3.25069270930693,7.23246251433379,34.9007224348772,70.7470220837481,3.01948590093164,6.75510887427583,22.1965265291413,58.1940366511071,3.17201126016177,6.40156712268265,31.265031089736,50.1100820005012,"1981","04",9.9902777777,6.13333333333333,34.9,50.05,1.5386649391848,-0.79171311313186,1.29166666666667
"17",3.07656913577145,9.94336453866442,33.8708465066199,153.49234728314,3.46854958588564,9.73821099639094,21.8080479214216,147.532401444975,3.09612145775814,9.24560518318907,15.4527191943535,134.643724050935,"1981","05",9.53091397845161,9.98548387096774,25.4,157.75,-0.601898400020008,3.00343190753349,1.375
"18",3.13464991258517,10.612216541259,61.3995877906592,170.954385148964,3.16129545772369,10.2969643603705,53.4679632521546,161.49510097126,3.20623817725499,9.96591319399931,64.0108629458191,151.599031448922,"1981","06",11.2027777773333,10.745,89.7,172.35,0.450554129854894,-1.3911245153662,1.45833333333333
"19",3.15005631312489,12.2502070111077,62.572546928664,223.738522609883,3.29960645304721,11.9975286096685,66.1370714860906,215.678067544461,3.27757473403742,11.584566693544,70.1032403652098,204.284420903044,"1981","07",11.0456989250323,12.4806451612903,65.8,231.9,-2.00081962704263,-2.66881904453048,1.54166666666667
"20",3.19156256385677,12.9737098598072,79.6140818016693,245.340861099309,3.31291391949477,12.7394803315267,81.8126164975067,237.759241532196,3.28901117986695,12.2995316681595,89.2223252492873,224.985831243975,"1981","08",10.5564516125161,13.0129032258065,99.8,248.4,-2.24482879760207,-2.55843061073065,1.625
"21",3.79892901035985,12.2117426078739,129.9085051418,219.144441261055,3.97599075606211,12.0371869193079,129.094313276674,213.019825280018,3.80145509752528,11.5430456456305,141.081420101315,197.444917330199,"1981","09",11.8374999998667,11.9166666666667,204.8,207.5,-2.52451759758717,-1.11538684716445,1.70833333333333
"22",4.46744611698927,7.78503262621945,127.604171935133,84.9233260347587,4.0496282047803,7.33512052391371,120.161291405704,72.5720278260579,4.29641559361727,7.03860223958591,145.737589764196,64.5799819671272,"1981","10",14.1639784945806,5.99354838709677,197.9,37.3,1.98623914281391,-2.50226298324146,1.79166666666667
"23",4.87492359253108,8.22040532909229,153.707124468083,98.9562529082725,4.55322697148697,7.79266652228518,163.361150470114,87.3354302582313,4.71552598072712,7.41007403317404,190.55205093397,77.1394318936405,"1981","11",14.8583333334333,6.30833333333333,230.3,53.1,-2.21746061266214,-4.92837340058934,1.875
"24",4.32440576951075,5.44372016184895,94.697043928947,40.2464031539086,4.29804946318075,4.97990578661239,96.5531099251874,31.4361071426008,4.16478640677169,4.3574127159355,100.33741244335,25.7763678878885,"1981","12",11.0577956986129,2.43225806451613,77,11.15,-1.51552241536462,0.0795136548492358,1.95833333333333
"25",4.9607985141358,6.20931453492809,112.539280974211,52.6604643881715,5.03945948200634,5.78371227443288,124.659627339007,44.0964798965255,4.81685753520294,5.32770668350288,141.395527186987,38.7393444059763,"1982","01",14.4354838712903,3.9758064516129,118.5,26.65,-3.04369229416661,-1.4734198225499,2.04166666666667
"26",5.28194822199073,6.67778071915053,112.609167161344,52.9483008455026,5.60702557250012,6.42588339921397,137.580101557068,45.811392680783,5.13172066834543,5.82271382565205,133.860299633425,31.2046458293145,"1982","02",15.52827380975,5.18571428571429,114.6,18.85,-6.93672309601754,-1.85901737043454,2.125
"27",4.42219685055018,6.46282580643733,104.210770839209,48.8177799359141,4.3603952924082,6.04034379561004,111.645557769379,38.0147378900963,4.32822625076443,5.6126280214867,125.911507220542,28.6901073763261,"1982","03",13.7722650767097,5.08064516129032,143.4,23.6,-2.55233384337554,-2.90143616261761,2.20833333333333
"28",3.7408180418521,7.9991273545323,46.8870995302741,90.0852762879169,3.58303592471147,7.55570764741901,49.5995458080172,77.7129834892793,3.69626512852013,7.23812119972774,60.1701122593509,69.1559670332087,"1982","04",12.2861111108667,7.22166666666667,40.7,70.85,-0.910109459335611,-3.153834305411,2.29166666666667
"29",3.09215678112852,9.26978889606792,66.6040720094062,133.742109882304,3.13336113538329,8.94632756088809,61.5857837623127,124.254193963772,3.13389033814727,8.44785905103321,63.0532716828723,111.496154532841,"1982","05",9.90188172019355,8.9258064516129,95.6,130.55,-1.32418723059395,-1.45117050324429,2.375
"30",3.02880462117847,11.5140724282159,26.0894032073669,199.464344393254,3.5037250129194,11.3506893560843,10.2377991692103,194.621546695017,3.0874929191232,10.9814248859221,9.69703763624496,183.945729984994,"1982","06",10.2722222223667,12.0816666666667,12.4,212.45,0.842227754381583,3.92595212844534,2.45833333333333
"31",2.41227768615298,13.4443419766976,39.6899678185197,259.54923299986,2.4757587875655,13.1745708955752,34.0692951505419,251.014116746274,2.54362540931417,12.7414775199344,38.3652161339051,238.169970443582,"1982","07",7.8601851856,13.7435483870968,39.7,271.05,-1.25153942875707,-2.0547465356241,2.54166666666667
"32",3.33500441038332,12.6189555018427,121.594875026532,234.296331751958,3.31073345290714,12.3347161998444,120.161625406183,225.739635232702,3.43974320116341,11.9701544875249,143.073842128231,214.558350975059,"1982","08",11.6465053767419,12.6451612903226,203.3,237,-1.2355712798406,-3.70130419929058,2.625
"33",4.1879703759635,11.1217275460256,115.130968583465,186.138111246734,4.31443332346923,10.9151395121517,126.245454479673,178.67105062722,4.17828848605674,10.40399411389,128.903761921166,163.727336838377,"1982","09",13.3527777774667,10.525,146.9,165.75,-3.61868464057595,-2.82034356239687,2.70833333333333
"34",4.91158528206932,10.1730849373069,119.55105005123,158.353376246635,5.26520189318317,10.0050402423465,127.510872980741,153.388119652112,4.81204893334521,9.57139262492416,136.020892517061,141.498870995396,"1982","10",15.3790322578387,9.32741935483871,142.6,134.15,-2.75090347116745,0.586824196534785,2.79166666666667
"35",4.56399823993741,7.9515282738087,133.062079941824,92.9922793470763,4.25083855484989,7.52761739273756,138.488604037766,81.5011309086102,4.38814797934207,7.06664900826007,156.741293264815,70.134100354823,"1982","11",13.1472222220667,5.84,188,45.55,-1.90627596527289,-3.76492557063412,2.875
"36",4.87749004298469,6.70516156164502,127.65214055713,60.3322582757435,4.63350272581799,6.23780109247545,139.282614583444,48.9772280719121,4.69464838446475,5.7858278979324,158.523301817089,40.5729286452356,"1982","12",14.0551075277419,4.28548387096774,160.3,16.2,-2.70665616048679,-3.88106113447421,2.95833333333333
"37",5.85463376976536,6.80203628491241,163.066734891236,59.9583608969882,5.61988431165605,6.26880161117829,192.112367532543,47.6845762433952,5.74451904317023,6.11043442044997,238.214266240632,46.3244220741107,"1983","01",19.6774193548387,4.96612903225806,223.1,27.95,-3.80079488080104,-7.74958208620512,3.04166666666667
"38",3.94470433263493,5.41705707824577,67.5383976457242,29.1395856772969,3.61701475298229,4.81503042679224,61.9776777925363,16.2865772176385,3.79543767520716,4.45698596569156,84.0870737886131,13.9386293546116,"1983","02",11.1086309526429,2.97321428571429,66.4,1.75,0.902142108477751,-1.69830289968192,3.125
"39",4.55949535327476,6.99558122568162,100.045513351605,63.7896887675817,4.41066067231844,6.50983962356136,108.856400939263,51.9161217121886,4.4868360431153,6.26397307026989,137.227950132761,47.0838233376191,"1983","03",15.1460921320357,5.80322580645161,136.8,43.3,-1.51872707881373,-4.06154225280289,3.20833333333333
"40",3.37681725659888,6.09777615649725,41.3412904366791,41.5713672970607,3.20094308965817,5.62117595252783,28.4692819132616,29.6130020469393,3.29499974295465,5.20611783165626,32.681791515801,22.2926590665408,"1983","04",10.2888888887667,4.71333333333333,38.4,21.1,1.67347760430294,-0.0437986491198788,3.29166666666667
"41",3.22321060791268,8.54269440518372,39.7825192529003,108.954497803184,3.38440268402429,8.24911298007954,21.2500000736963,100.704745254595,3.19300090111704,7.85521116850745,22.3096124175402,90.2554752097405,"1983","05",10.4650537634839,8.28064516129032,49.4,101.7,1.78900187904321,2.72171632606169,3.375
"42",3.0962872216921,10.671992999659,41.0736824036895,172.791980945746,3.16986219682224,10.3742555728462,37.0875332734425,163.466055309428,3.16484023004782,9.99441936037018,38.7221844706957,152.522893994011,"1983","06",10.7709595971667,10.7583333333333,36.3,172.75,-0.369498986507529,-1.35189756317273,3.45833333333333
"43",2.50472617014258,13.4764170258193,42.7608101402915,260.584153980347,2.57395028651248,13.1993985373912,37.1855283856535,252.100317142178,2.64109604674149,12.8107494449202,45.331182274983,240.49843829465,"1983","07",8.44220430096774,13.8338709677419,46.1,273.85,-0.951499143162969,-2.08591308412374,3.54166666666667
"44",2.69205464927759,13.8912394175723,52.3869113076195,272.905098628738,2.77545266313765,13.6442807524073,49.1448519575833,265.046926577817,2.79223684102039,13.2093602258529,55.6015607219709,251.93009493503,"1983","08",8.43279569893548,14.0016129032258,54,279.05,-1.66969315117057,-1.9694089941444,3.625
"45",3.8093725605204,11.2220293029503,101.70659523247,188.841029265643,3.87670079093171,10.9832452251319,95.4896799355571,181.332851629155,3.76764871480363,10.575653467608,107.228771736498,168.749862123302,"1983","09",12.0375000005667,10.675,147,170.25,-0.334050233130738,-0.254520156019018,3.70833333333333
"46",4.57887149613487,9.93489201027331,147.892628527252,149.568392584687,4.45773067129767,9.62964991146487,160.35193438906,139.980037738896,4.49466177357353,9.15381972313226,175.663744078537,126.025817452918,"1983","10",14.1586021506129,8.66451612903226,215.7,114.1,-3.56380848546129,-4.55788921305687,3.79166666666667
"47",3.86647848035049,9.29964482164334,67.3409627362203,129.340236273146,3.61065504818684,8.9231405922845,65.9099585960844,118.223762605473,3.65477545492092,8.40459684643561,69.1790521000848,103.336337954613,"1983","11",9.6541666668,7.35166666666667,59.9,79.4,-1.68832274975232,-1.53117860249711,3.875
"48",5.11302917013758,8.14389137960554,136.459191993117,95.5924591489851,5.11469501764395,7.79908075662318,143.550627426921,86.9521912030149,4.91371085628369,7.42912391958933,168.698688861081,76.8817385157026,"1983","12",15.1693548390645,6.46290322580645,192.4,55.35,-2.55851908161763,-1.48106827796225,3.95833333333333
"49",4.88142222527598,4.9769402251641,132.748355878352,25.4514311674227,4.78204484075651,4.43782210101932,145.298974748823,15.3198250787523,4.77706810475603,3.97637701355131,168.969542377505,13.9532678639158,"1984","01",14.40188172,2.21612903225806,156,4.2,-2.35626547767645,-3.22787831668544,4.04166666666667
"50",4.77366976367154,7.04844956862312,79.3237424301805,63.7497535978217,4.79445966508563,6.65763076073314,95.7118910902027,53.5418856153446,4.61703653498927,6.21824014769867,103.555526098462,43.1845969807521,"1984","02",14.0531609193448,5.42413793103448,64.7,29,-4.21294761803893,-2.7228566097699,4.125
"51",4.03699848291517,6.20535769156215,68.6572944360102,42.281047069336,4.0989199141822,5.82271816176833,61.1839173549992,33.0031960724717,3.89357736996278,5.36538629496659,67.163386334374,23.4477141921084,"1984","03",11.7241117343226,4.76935483870968,81.2,17.1,-0.365335640654075,1.31887201015015,4.20833333333333
"52",3.33559556012992,8.17620938466308,55.9637328588779,95.4758446301596,3.28297044301276,7.82562723947067,53.3801580221457,84.710319198138,3.27403039441638,7.28409656520123,50.0497019796329,69.4765684741313,"1984","04",9.63749999976667,7.34833333333333,69.7,73.55,-2.15842225873564,-1.5334087868586,4.29166666666667
"53",2.8061397889781,8.99396571616466,23.7128327244911,121.702461942802,2.75513655808281,8.63817608598188,8.17946656914676,111.151197749361,2.78525664607715,8.20317006232619,6.1632011612794,99.0949601755434,"1984","05",8.64112903267742,8.55,19,110.05,1.06702667608794,0.454418345352813,4.375
"54",2.95322697071918,11.1313264874102,41.1628724268649,186.365520019389,2.96842045602213,10.8082979991415,34.4344986233363,176.60386789158,3.03153110092097,10.4813134943604,42.4434258243284,166.668168068547,"1984","06",10.4319444436667,11.3016666666667,45.5,189.05,0.224167518353945,-1.61024156151611,4.45833333333333
"55",2.26479490927289,13.2804581048195,50.0146954480274,254.39249584153,2.26636975641106,12.9984570712398,37.8652234439249,245.614027039878,2.38347413032284,12.5640653343632,45.7576588881489,232.410930914277,"1984","07",7.24462365554839,13.5290322580645,75.2,264.4,-0.332453034738555,-1.56797963242801,4.54166666666667
"56",2.55386204707128,13.9545078574309,39.492807158957,274.732891981106,2.63452284228513,13.7016798343001,31.8949542936076,266.895364621125,2.64238250504749,13.2885926906899,38.3230375356163,254.33991385835,"1984","08",7.86290322554839,14.0677419354839,32.3,281.1,-0.826897473704037,-1.08759071381071,4.625
"57",3.29048358341231,11.4030366839992,80.5398354346832,193.051005405349,3.06510907836048,11.0653104500839,70.5669718677407,182.585782861877,3.23849536551208,10.6775454843877,83.9870177639783,169.963506040802,"1984","09",9.97361111136667,10.61,117,168.3,0.564937176741318,-1.87250225080491,4.70833333333333
"58",4.17059256468394,10.0883172649083,115.170033019675,153.874478309587,4.06493505962633,9.79791902988293,121.223500045769,144.455296894893,4.05823866186683,9.26547974653259,127.144550377729,128.847742881749,"1984","10",12.034946235871,8.73870967741935,153.3,115.9,-2.95618332911874,-2.88107860940374,4.79166666666667
"59",4.51600162502118,8.73456125157779,114.85495272151,113.627700766217,4.60155637297323,8.49316757471458,116.18790154241,106.262872114998,4.30940801549548,7.8949336164631,117.374863710731,89.6797246796605,"1984","11",12.0638888891333,7.02,147.8,68.5,-2.96912503689308,0.451910081129212,4.875
"60",4.60657576029436,7.92222954792953,103.050786138497,89.6953308247791,4.49874225952771,7.56493749446935,113.76475385808,79.6268991797983,4.39085395660247,7.0022879323782,118.677306158186,64.9148970326812,"1984","12",12.215053764,5.82096774193548,114.5,40.15,-4.10735742339781,-2.41572747797943,4.95833333333333
"61",3.82520521338319,5.73423366588366,72.659546009304,38.7648913427497,3.55399966367486,5.19633379731655,60.1402956828811,27.378971092981,3.61295241103185,4.71885673938077,75.545698868692,21.3727093686451,"1985","01",9.4045698923871,2.99193548387097,78,2.8,0.954555070535698,0.47149377786307,5.04166666666667
"62",4.44833825450473,6.10619713763592,73.5383075835349,47.7975974939469,4.65742305877959,5.74471668636773,83.0480775702434,39.9335547069879,4.30985019859354,5.14540219569264,80.042962080476,30.1667390727561,"1985","02",12.0922619044286,4.09821428571429,44.5,23.55,-3.82539238331307,0.137225608857087,5.125
"63",4.15692951622162,5.90521544774149,79.8431584847331,37.8077436201733,4.17029613281221,5.47445762761839,77.8030507425839,27.9450809627682,4.05055765051211,5.03866286613644,88.3718879758807,20.9013779765932,"1985","03",12.513616176129,4.3258064516129,94.3,17.45,-0.748107352437124,-0.239040855340109,5.20833333333333
"64",3.50850129516892,7.53671515683624,70.5382932939077,77.319118721198,3.41817148057725,7.14622239643532,59.9798930367037,66.489023108523,3.43490900481624,6.72991566256075,69.3235057406607,55.2116534842424,"1985","04",10.8624999999667,6.7,111.4,57.3,0.169457068197377,-0.513148205183257,5.29166666666667
"65",3.03382988932366,8.775336165581,40.7546368769351,115.504128894803,3.06391487381456,8.44638809961581,24.824179879395,105.909467603572,3.01449081025574,8.02350186545204,25.7160641206633,94.3209802559709,"1985","05",9.65725806490323,8.41451612903226,53.8,105.85,1.14873800262165,1.04390897683066,5.375
"66",2.69897849512222,10.4251982925587,42.3741834965127,165.23747037076,2.7314820550434,10.1407806316022,27.8895154451051,156.027192629733,2.73601095040299,9.67234717255692,25.3481507513359,142.31577799809,"1985","06",8.67222222186667,10.365,57.5,160.95,0.514716751475392,0.17614566659118,5.45833333333333
"67",2.85437572377879,12.542429547648,66.757211850473,232.830611478228,3.05379978781287,12.3326124478208,64.7601469236913,225.691114409781,2.97558755278166,11.8275731095571,64.4762568170423,211.409587960192,"1985","07",9.41532258045161,12.7967741935484,85.3,241.7,-2.15747397580359,-1.49364899011987,5.54166666666667
"68",2.97122937742994,12.5175044873597,94.3656191858938,231.630268706607,3.11453184090484,12.321633742647,86.5720438750086,224.881965704975,3.03709371890103,11.7840069096665,90.4359021043524,209.168635373574,"1985","08",9.17204301041935,12.4532258064516,147.2,231.05,-1.54014451784894,-0.685376452132255,5.625
"69",3.18121926202173,11.5413529735342,77.9375481519434,197.803665201887,3.12206511243066,11.2888551686621,68.3373976850199,189.107270496529,3.12333466579142,10.7541281470305,69.1114369391553,172.553168340612,"1985","09",8.84824879166667,10.7733333333333,106.7,173.2,-0.771947168331019,-0.51167736131251,5.70833333333333
"70",3.62969325497446,11.244470172509,86.4654836414966,188.953455710881,3.55726660738609,10.9758425431799,88.9020966959157,179.962002894607,3.52624256534898,10.3912926464018,89.0251161289205,162.462856709068,"1985","10",9.50403225816129,10.0096774193548,100.5,155.3,-3.22102477038702,-2.07145836036236,5.79166666666667
"71",4.1597828302277,6.69132535598959,102.672745930671,62.2284959629469,3.80255907561853,6.2117626837359,96.1315524978653,50.4831978831385,3.95562897395345,5.72254539807257,108.652211878154,41.7140121030837,"1985","11",11.2194444436333,4.09,128.5,14.9,0.582942651802075,-1.35051388756357,5.875
"72",4.48542663148436,7.37736083793829,150.547967114055,82.289008638424,4.38794352318338,6.98906553111401,148.528999026138,73.438625279763,4.30479689483907,6.45678833094176,170.352085666503,62.3687573236479,"1985","12",12.1021505374839,5.17741935483871,233.6,46.15,-2.01840505464853,-1.02900176640659,5.95833333333333
"73",4.59731184839276,5.94705097251779,109.035496333591,40.9259793666791,4.36731749897604,5.4291556177523,111.482331668055,29.5340724193144,4.41462918661693,5.03499022801164,135.45067090065,24.2695152920328,"1986","01",13.126344085871,3.51290322580645,137.4,4.85,-0.975318138195835,-2.20721854187122,6.04166666666667
"74",3.69492802345708,4.76120028200309,53.6815958299374,19.6729955939469,3.74503062223497,4.28927107216138,47.0641199425386,10.8257009168383,3.55420895427672,3.6342988392202,43.0401032518837,4.55371790397946,"1986","02",8.78720238085714,2.04821428571429,16.2,0.199999999999999,-0.827806151521773,1.92885729722003,6.125
"75",4.59005337951919,6.66034148867106,115.083941294954,53.4419985696163,4.63243436904416,6.30402982456649,131.489065781627,43.4972282471522,4.50671781685967,5.76001681587034,136.46545879066,30.4505027137128,"1986","03",14.0417251054839,5.34516129032258,152.8,26.35,-4.97813022285142,-3.69703597868931,6.20833333333333
"76",3.39268289954892,6.20296416022404,55.1070227225908,41.7496216734152,3.35670599963479,5.82915532643557,43.1322854767807,31.3830390566639,3.29112719952222,5.2562441872104,35.8065802625007,18.338730685283,"1986","04",9.63611111113333,4.91166666666667,67.4,16.5,-0.00513562565687035,0.90310986936674,6.29166666666667
"77",3.5353361947004,9.18082710652502,95.08676818373,128.765408661142,3.70804402314942,8.92637180916006,96.2998300394922,120.572315917611,3.58017074824302,8.39002356779216,96.606431785408,105.882886660524,"1986","05",11.6303763439355,9.01612903225806,146.6,124.5,-2.7971225627757,-1.66499337784609,6.375
"78",2.65269768240832,11.1868831658767,37.1213075603436,188.274847255292,2.74017776983112,10.9160502206361,24.3467703529276,179.574660594181,2.71172146239133,10.4740600117077,23.84127283391,166.312691529079,"1986","06",8.61666666663333,11.32,45.2,189.6,0.122219688425919,0.0857672943494284,6.45833333333333
"79",2.84071087813162,12.3648114414916,53.1206853918425,226.745501746389,2.88729677024464,12.0813398417471,51.4273162294863,217.812634591784,2.95687636978619,11.6690293311895,56.0647514187376,206.092704353359,"1986","07",9.72983870993548,12.5112903225806,57.6,232.85,-1.20127635883028,-2.56504745798745,6.54166666666667
"80",2.72630708564038,11.6141897244467,57.1549780274983,202.931573915743,2.61684611807099,11.29337958006,34.5724094018947,193.610191496581,2.73126531946638,10.9434971658483,47.1671417571462,183.089266703982,"1986","08",8.66725105209677,11.2806451612903,89.6,194.7,2.8280093274795,0.637435472441247,6.625
"81",3.41137762500694,11.268540666874,58.1747808037484,188.655601354462,3.12837798267271,10.8981242145596,58.6408272988531,176.89933880799,3.36640592672749,10.5089627997217,65.4422118079452,164.726566559289,"1986","09",10.4708333326667,10.3366666666667,50.4,160.1,-0.611984266074377,-3.70808767225015,6.70833333333333
"82",4.71997977725677,10.3726975122662,119.874379650461,163.196282600081,4.71302772099957,10.0856911754183,140.182599753129,154.150262974258,4.65206199047548,9.63544329439164,149.934286159699,141.41779978771,"1986","10",14.7849462370968,9.22258064516129,137.4,131.55,-4.49396258236271,-4.67685065488743,6.79166666666667
"83",5.01381407160808,8.32961905660436,151.257732616582,102.788546667269,4.9460574628419,8.01702243571425,168.669477286955,93.4951625285466,4.85849658411481,7.46179199289971,178.639861459618,78.9048006227255,"1986","11",14.6722222218333,6.48833333333333,205.2,57.4,-4.81331164267905,-4.0331943524709,6.875
"84",4.75643534474648,7.12128905623117,138.669706953109,69.4532755381335,4.4789152392687,6.67261190787052,146.58608558947,58.0585465462821,4.56201415869088,6.20801307074935,168.073177518399,47.5186196076524,"1986","12",13.4838709675484,4.82903225806452,197.4,22.75,-2.64874745293399,-3.77391048876374,6.95833333333333
"85",4.0814263551845,6.19701009941847,71.9196708911922,51.8910777759156,3.97362705590352,5.73025661044192,71.6280959707021,41.7029131091999,3.89176025506255,5.17072354758159,77.3687537993171,33.2302211738532,"1987","01",10.163978494,3.61290322580645,54.6,17.4,-1.71260685340085,-0.326838090483013,7.04166666666667
"86",3.4851403135121,6.46969148158102,61.974329586177,54.1215003971396,3.18062987390425,5.96337152860815,56.4444515867043,41.6736976697236,3.3093404507039,5.39448490585845,62.0831185546975,30.2417505596698,"1987","02",8.21726190485714,4.15357142857143,65.7,17.55,-1.40412736407334,-1.6001050658176,7.125
"87",4.02535619043372,5.53540236181282,101.219170524814,29.0158268760088,3.83698833866443,5.02852943210026,98.7168706411604,17.3876399687215,3.93665105488731,4.59493754157476,116.608391067044,11.1571631692562,"1987","03",12.1904511453226,3.71451612903226,146.7,7.7,-0.478675420559414,-2.16938435580439,7.20833333333333
"88",3.22121749288043,8.36512690061566,42.3825066190436,101.648350375542,3.18525369457072,8.01255326959184,37.8967042518482,91.016668176404,3.15828291601214,7.48532598467716,33.7324347560495,76.350602662988,"1987","04",9.16666666656667,7.55833333333333,42.2,81.4,-1.76731948629672,-0.965118243290398,7.29166666666667
"89",3.13782794587956,8.64260697720071,45.1712462592709,111.146925961462,3.01768869452163,8.24233694201676,31.4915300551281,99.8955238557829,3.1286472746514,7.91678303597741,41.2341000003852,90.9734690091906,"1987","05",10.5833333330968,8.2241935483871,63.7,100.6,1.71372927323157,-0.651379918272358,7.375
"90",2.71936198189268,10.0205194463534,37.829983237969,152.987045943477,2.73265904732061,9.71801095935082,17.9649268025561,143.662672579244,2.73620790478793,9.30388853414275,18.4801643306854,131.605836911773,"1987","06",8.8930555555,9.91666666666667,53.8,147.5,1.92750585190161,1.16790295745218,7.45833333333333
"91",2.60579360531163,12.65836923999,49.7828813488257,235.793210480453,2.68662717705938,12.3902230293756,39.5975950097328,227.583056382327,2.71224454051387,11.9867213272021,46.4075018211036,215.802906068402,"1987","07",8.7177419353871,12.8935483870968,64.5,244.7,-0.0964515454689115,-0.929298088192448,7.54166666666667
"92",2.60977044662503,12.688175191651,54.3800336947599,235.836661389494,2.57241709330757,12.4087059083393,42.2012986747685,227.011301832211,2.65848688516887,11.958624217238,47.4461861833078,213.552656349499,"1987","08",7.90725806496774,12.4903225806452,70.8,232.2,0.0721453407465633,-0.949307033681983,7.625
"93",3.82865174202568,11.7320884789775,107.758705085166,204.003692844258,3.8445770543946,11.4926057472741,115.582476426837,195.592105028466,3.82586791299621,10.9913099766999,121.141558940966,180.279670847806,"1987","09",11.933888889,11.145,143.4,184.35,-3.27623792453909,-3.37518389075178,7.70833333333333
"94",3.63059455218637,9.69481827261294,97.0995585411118,141.950431625965,3.57706565442254,9.46081854778893,89.7597345077346,133.543295024047,3.46235766570769,8.76433955372986,81.0499267437619,113.300070385889,"1987","10",8.86962365612903,8.14354838709678,132,97.5,-2.09235098561308,0.326755739520031,7.79166666666667
"95",4.04778423795081,8.85653112066382,81.1045729587732,114.920912885126,3.74205130836212,8.46799579572744,81.3729155281555,103.281573637183,3.82897244328835,7.95652309363683,86.4981584577531,88.3506225922857,"1987","11",10.4722222223333,6.84333333333333,87.9,61.15,-1.75411295141351,-2.2195588420581,7.875
"96",4.25111934354136,7.86034414746581,101.47372315722,94.2283683425729,4.23556406005686,7.52265902976238,105.114755739652,85.5612000404722,4.04952259403971,6.87517098027148,106.588200483705,70.6914772136661,"1987","12",10.427419355129,5.63709677419355,115.9,52.45,-3.65823433609639,-0.605900252129374,7.95833333333333
"97",5.01358995350389,6.23579153069429,121.613642108986,48.2085373739949,5.18922468251721,5.89126149632403,128.906090372195,40.8706205600026,4.8277395015711,5.37507345128341,140.577279478102,31.6398426765791,"1988","01",14.2323853984194,4.16935483870968,147.8,15.8,-3.11979298369218,0.247659521565654,8.04166666666667
"98",4.26927493869737,6.42713172808129,90.2743465717369,48.8561068853635,3.92174227686255,5.87260902676773,89.8171711038998,35.715615315601,4.10743789992302,5.57368242743685,118.17543089488,30.3467202870191,"1988","02",12.6709770121034,4.45344827586207,122.5,14.75,-0.260567724029593,-3.14163696196118,8.125
"99",3.94927801229524,6.40747461991587,92.3179264136727,50.2176294770484,3.81828441502019,5.95073344926493,88.903142972429,39.1469200889751,3.84662152238816,5.51523868221982,104.519143059948,30.5381226776982,"1988","03",11.7402407665806,4.86774193548387,134.6,27.2,-0.882018636227113,-1.58182296096079,8.20833333333333
"100",3.61602404979819,7.52731128259754,63.412347760387,77.656325207673,3.70040926236901,7.19867353287379,53.2721527159528,68.5076760873396,3.53674218212536,6.74163701372826,56.0792963299577,56.4853245540368,"1988","04",11.0416666664667,6.78333333333333,88.5,59.85,-0.236001648024482,1.03275001445993,8.29166666666667
"101",3.52519587042932,9.68081812889629,44.71758800985,144.59689183913,3.93031283165382,9.45569432530481,35.1480468157895,138.582917581922,3.54874920080724,9.09651853291858,38.6492478189953,129.257315940055,"1988","05",11.9596774192258,9.85483870967742,43.1,150.5,0.112197492779285,2.66500551877513,8.375
"102",2.73696855513693,11.5918850578962,30.0788582198529,200.595931242687,2.88037096518011,11.324957724853,18.8261277310768,192.318197912233,2.80936397489526,10.9423047706114,21.3140868867182,180.690444213769,"1988","06",9.2015700482,11.8816666666667,26.6,206.45,0.203852710394505,0.221811466252934,8.45833333333333
"103",3.05574683331508,12.1795512717362,96.7965325088377,222.174439430287,3.28942569106497,11.9751710695109,86.7918085678507,215.91326740236,3.16948343187254,11.5499516136319,98.6190805185833,203.679366539154,"1988","07",10.6027679166774,12.5532258064516,162.3,234.15,-0.504244717800075,-0.171330314924107,8.54166666666667
"104",3.08105806497642,12.6835669759168,82.8967791571868,236.849074479987,3.2887011614193,12.504536796553,81.5220118972678,230.378415532869,3.1578337087591,11.9501185572843,80.2557274466441,214.51642381482,"1988","08",9.54973118290323,12.6532258064516,109.4,237.25,-2.57939168580964,-1.11224587820821,8.625
"105",3.78442931706706,11.9484995634569,100.687791833048,210.654000785137,3.85402784616154,11.7242768533135,106.612167156393,202.809732165773,3.7805873533807,11.2341505347668,111.884356308552,187.776145595365,"1988","09",11.7444444446667,11.4416666666667,129.8,193.25,-3.00632338125118,-2.58572597702665,8.70833333333333
"106",4.01135777865944,10.0891085344318,101.895487168589,155.171162724508,4.04288512302484,9.83763403220921,96.5358796778321,147.481343789155,3.87568251917334,9.32530807013516,102.224826165483,132.786962675082,"1988","10",11.2688172047419,8.84032258064516,136.4,121.45,-1.1729537048702,0.388350611280643,8.79166666666667
"107",4.16850303582052,8.72539267759394,87.7553822747914,112.642377053111,4.01384795521302,8.39494416864432,90.0516527617333,102.55456242409,3.95481034180511,7.80948225683952,89.2140956653506,86.2825707752933,"1988","11",10.6680555552667,6.74333333333333,93.3,61.25,-2.65295912587503,-1.34472971215998,8.875
"108",5.11291798744071,8.88106060960821,106.584959465455,114.905130193989,5.06066848618916,8.52276951622071,127.468189963185,104.889240897289,4.93111442828646,8.13395449568745,143.899858667658,93.4673886101197,"1988","12",15.0940860209677,7.22903225806452,110.2,71.2,-4.76682310581661,-4.03301051957281,8.95833333333333
"109",5.5717735171558,8.70025214033705,156.582575972278,108.96319230363,5.41593278155948,8.25165074219032,182.023821491005,97.7141783017761,5.45133159560349,8.08374507758326,227.693721060844,91.8680312653858,"1989","01",18.3212365596774,7.40806451612903,228.5,77,-4.50560504175243,-6.91048155612112,9.04166666666667
"110",5.05675351803958,6.65027741731502,127.662548083279,52.2953492042663,4.75217091203493,6.11181435473925,144.205604925751,39.114097641988,4.93443500590285,5.88800152127609,180.78792126711,34.6568466100805,"1989","02",16.467132505,4.9625,180.3,19.25,-2.5260258562423,-6.20562153219348,9.125
"111",4.65131534142074,6.50864587210166,120.647488672281,51.5595040763064,4.9665788814251,6.25140939402985,131.597277119799,44.7083995802202,4.55986545495522,5.63109851171958,130.51841967698,30.4906965667097,"1989","03",13.8771037872581,5.31774193548387,163.2,30.3,-4.89462809594245,-0.515228204794187,9.20833333333333
"112",3.15101564908097,6.79631546539936,42.7840780382631,59.5332269576224,3.02780058213616,6.38022297382983,28.0810247683126,48.327648392853,3.06007205981072,5.87454003018104,26.4557665154467,36.8026654059181,"1989","04",8.92361111126667,5.565,50,37.2,0.754018244566904,0.513856340178802,9.29166666666667
"113",3.42556548101006,9.4680316697943,52.9249852194686,137.443401351802,3.65968964042063,9.21899892372983,56.2298969953995,129.364512268506,3.46316853623848,8.69127058249677,48.0791505285361,115.308033394564,"1989","05",11.0416666667419,9.31129032258064,47.1,133.65,-2.85819629515756,-0.961763537438844,9.375
"114",2.72035612039319,10.725571943461,53.1416362272177,174.552187297122,2.81397586943297,10.4769883094184,42.4673810775516,166.001068011867,2.77389124928675,9.94409885400342,36.9721835741585,150.393067014826,"1989","06",8.57222222253333,10.7333333333333,75.8,172,-0.780018748194244,-0.241831300130019,9.45833333333333
"115",2.78986082754277,13.4617018181899,56.7003166952585,261.038157150469,3.06195013290443,13.2584694782741,53.4889649901891,254.645271218786,2.93449268792227,12.8345030292219,59.1720720400763,242.400884676876,"1989","07",9.47890369325807,13.9870967741935,66.5,278.6,-1.75868526790762,-0.961755595096267,9.54166666666667
"116",3.50466296413844,12.5341255930277,115.43519040151,233.585698551909,3.98031723842913,12.4632883789707,118.022001052573,230.00039294622,3.5949254463696,11.8267515435116,113.349986072679,212.250718690673,"1989","08",11.0255376341935,12.7032258064516,166.5,238.8,-4.08692370210863,0.0755878700738825,9.625
"117",3.77267709246718,11.4630482437612,91.9037191029339,196.83548080469,4.06113563815448,11.3453587269512,98.3788236596623,191.15733932028,3.74132708880284,10.6612609084387,83.8775968969444,171.423256706189,"1989","09",10.7347222229333,10.8566666666667,99.9,175.7,-4.40572987226189,-0.411974118578692,9.70833333333333
"118",3.83896296562663,10.6799453715461,140.705508228807,172.525784890144,3.85838082859303,10.4707137752621,136.907511767195,165.258060488802,3.72898631625886,9.82677784940275,142.601345317317,145.89645385074,"1989","10",10.2298387095806,9.50645161290323,227.4,139.7,-3.02502348575329,-0.819185948667025,9.79166666666667
"119",3.73464769986723,8.51337843163684,64.6789822377072,103.563450005197,3.44377466807364,8.15663061260295,57.5363389652707,92.252057642577,3.47272205232679,7.54224921324054,51.7366785885594,74.1880630351903,"1989","11",8.5571428568,6.345,62,43.25,-1.27307361096989,-0.366599457079257,9.875
"120",4.11345664722149,7.14930910049085,92.4807910383583,71.7963818969052,3.96361220435413,6.75916466247165,86.7430249111985,61.9406893580148,3.87122311222115,6.16870757337523,91.5452298229108,48.5101231924398,"1989","12",9.96102150558064,4.73548387096774,111.4,23.85,-1.44044250100809,0.308862054243969,9.95833333333333
"121",5.4815248555993,7.08726214397331,154.938105965643,68.252341319141,5.90561331304421,6.89414060776839,176.521714009381,63.2431146605943,5.31320916881068,6.23227804186657,178.423693836723,47.4470856898708,"1990","01",15.6431743809032,5.44193548387097,201.3,34.4,-7.19945661017002,-0.670870460611708,10.0416666666667
"122",5.4054183076097,6.16415618929392,179.089072189566,43.7285886341321,5.81570353418741,5.94478927043809,199.609358590677,38.4283364425,5.29161002265424,5.26744671130156,205.404400306873,23.5259549052228,"1990","02",16.0476190479286,4.64285714285714,263.4,18.6,-7.08602886412423,-1.40170257561425,10.125
"123",4.81274476229057,7.48641796671592,136.57704875545,76.809596243967,4.76203008373884,7.07396917263711,155.163108118197,65.9926737855802,4.76928130712273,6.72266548341748,180.903465146922,57.1413454526315,"1990","03",15.946178120871,6.48870967741935,205.2,57.05,-4.32694216702457,-5.56662744066325,10.2083333333333
"124",3.67922012420199,7.43595301991263,77.6345018379488,74.7473590522501,3.53336654893677,7.02867607176887,79.02839390501,62.9532621788861,3.6310409389927,6.56077560334892,84.3803642213824,50.6974614683688,"1990","04",11.5180555554667,6.47833333333333,109.2,52.45,-1.84379138980864,-3.08420353070911,10.2916666666667
"125",2.63640725094154,10.0393437317616,36.7728302050458,153.866202658798,2.65271837507722,9.71502669196234,19.5478660225957,144.373150431946,2.64746720794986,9.2752465512372,22.7501522704318,131.617209558597,"1990","05",8.02419354780645,9.85967741935484,55.1,150.65,0.61829925888379,0.609968678521011,10.375
"126",2.39032586039397,11.4762364732519,46.85514464886,196.736720037714,2.40029104854774,11.199965067514,32.3581335069966,187.544950020995,2.45496780251984,10.6987582583222,31.7569595162842,172.122511670589,"1990","06",7.3653138528,11.565,75.3,196.95,-0.284912487158745,-0.562933984172561,10.4583333333333
"127",2.60605887425778,13.1340336274922,67.2491034043362,250.657971089115,2.75738442090915,12.9035081032994,58.7366117077984,243.377551635002,2.73479505035672,12.456154368384,66.3998842371477,230.144734233584,"1990","07",8.64165497893548,13.5096774193548,101.9,263.8,-1.0744607531183,-1.10556305715949,10.5416666666667
"128",3.28552572878416,13.2521248213447,82.2649368785561,254.267465036914,3.51782808189783,13.0569544044787,86.7742246006713,247.777366008345,3.39538495768197,12.5993880223895,92.6013271014805,234.625612301751,"1990","08",10.8844086029355,13.4209677419355,99.7,261.05,-2.91344151637726,-2.17275046914557,10.625
"129",3.32885096556639,11.4194489643733,83.2959207163276,193.290953845132,3.0303904124831,11.0604953105337,80.0143145430822,181.858072715118,3.29071008705614,10.6462607177435,91.6623915554879,168.512848850271,"1990","09",10.122126437,10.5416666666667,115.2,166.25,-0.556410715798519,-3.67171767036538,10.7083333333333
"130",4.12185897882426,10.840738479206,90.3864493749018,177.487228734289,4.23966915449401,10.6123683990254,93.5034357381269,170.25740481888,4.01445875863692,10.109801399107,96.7361252183165,155.678167310128,"1990","10",11.7983870969355,9.78225806451613,98,148.25,-2.60190279062787,-0.449134900967538,10.7916666666667
"131",3.67784894141251,8.60732120753621,69.1761018673094,106.141945378806,3.21788661042673,8.17042512428111,58.3136086654872,93.2593365377568,3.42331972869238,7.68753419773911,66.0064753594662,78.5415728952847,"1990","11",8.93750000053333,6.44,83.6,47.15,0.283492853572643,-1.33577540564634,10.875
"132",4.81585220883851,7.05314494881266,114.291935825291,69.7705836071372,4.5638669015712,6.5779683198161,125.547343574885,58.2124603910833,4.63208616855056,6.16574555021548,145.612025940175,50.4673399981418,"1990","12",13.9099462363548,4.71129032258064,133.3,26.35,-2.42811170474376,-3.80596113329675,10.9583333333333
"133",5.05908337220068,6.54238869080605,111.074493288661,54.035753262598,5.1588009840284,6.19679833491846,131.283027407044,45.320000241201,4.88015126147822,5.60449789560933,133.089766804759,32.9348912227762,"1991","01",14.1491935481935,4.41451612903226,109.9,14.25,-5.59788144379822,-2.41932526396034,11.0416666666667
"134",4.01891656053575,5.83683072558467,70.57703835271,39.9055829361418,4.03815739405159,5.42490722641071,74.4157922885214,30.4036532765217,3.86374239398075,4.76777755596995,69.6481417170935,19.0042686160778,"1991","02",10.0892857143929,3.54642857142857,52.5,9.7,-3.22189073387989,-0.383474202875077,11.125
"135",3.17434866718443,7.90966817630017,48.5788144974547,85.607503646188,2.98409404651116,7.51416297995243,37.8565516277229,73.9859683938423,3.0148233066388,6.95616782450223,37.9265026025541,57.5215089334011,"1991","03",7.68250350635484,6.55483870967742,66.2,50.75,-1.42649257798062,-0.466963937525941,11.2083333333333
"136",3.65680688894865,7.64536223435581,66.6723137108633,79.3965173704997,3.64329734821403,7.29841755618235,65.0652577089753,68.95908933143,3.58853704009295,6.79971318390474,64.6639284524453,55.1763272163081,"1991","04",11.1376207724667,6.82666666666667,87.4,56.85,-1.80665507980417,-1.2831749901219,11.2916666666667
"137",2.66752365276377,9.72498232276836,29.64887744582,143.349553614589,2.4550740952015,9.30973222716433,18.9291800899131,131.119320659943,2.68268774039473,8.91859456825353,24.4519344095901,119.716832132349,"1991","05",8.44086021532258,9.31774193548387,34.3,133.85,0.428238255552516,-2.18489055558731,11.375
"138",2.32360989614193,10.0373774782193,39.1673558918683,152.816844325909,2.15250905201573,9.69430830493923,16.6358914257539,141.857531506486,2.33314556627994,9.21181164920504,15.2796085187096,127.401664999082,"1991","06",7.02777777793333,9.72166666666667,68.8,141.65,1.83418351319304,0.0254877472639756,11.4583333333333
"139",2.35743659272179,14.0983308381409,41.5748099764421,280.323926671954,2.63501749169616,13.8993889274085,27.9730140026484,274.377704194311,2.49322524209221,13.4912345502281,35.6419340835994,262.07963758012,"1991","07",7.64919354835484,14.7274193548387,52.9,301.55,-0.397362835474685,0.771668684444209,11.5416666666667
"140",2.85586165992599,14.0623519822855,70.4428943546882,278.712177575063,3.06326428429881,13.8737506393756,72.5579650674063,272.140945319823,2.97516360925407,13.3606390217101,75.223871828681,256.959034026965,"1991","08",8.87903225832258,14.2725806451613,83.2,287.45,-3.30827520096642,-2.16837951210095,11.625
"141",3.34771366348841,12.0463360562201,78.6744557967421,213.00287113409,3.29744964442866,11.7858309666718,77.5872962019553,204.070222162094,3.32220712266529,11.2868220306546,80.718824929258,188.468426490602,"1991","09",9.79595959573333,11.4016666666667,96.7,192.05,-1.92477294359875,-2.12149416215327,11.7083333333333
"142",3.89142910521599,9.98873805048451,94.5380694507043,150.393987237131,3.70732924481726,9.66559355002359,92.7334695144612,140.277804249827,3.75312246265798,9.16752796145031,98.9748258424797,125.481447862256,"1991","10",10.8845605429355,8.54677419354839,121.6,109.95,-1.35468114790187,-1.8564949676082,11.7916666666667
"143",4.64415458515088,8.2929693832572,145.550436708943,100.646258111651,4.49845541379044,7.96322041829144,149.855379984139,91.0625051114123,4.45632762415142,7.42678914104599,163.10141760084,76.2710209848198,"1991","11",13.0930555559667,6.41,216.9,52.95,-2.77510575392871,-2.35656953501963,11.875
"144",4.74958545520528,8.44635704441721,89.2181183544487,104.230669398518,4.67834266811474,8.08999726743478,106.229885824713,94.108164555642,4.54913655965482,7.58208635260967,111.422095403028,80.5251791171736,"1991","12",13.0215053760323,6.50483870967742,74.9,57,-4.74508979689047,-3.1470951747401,11.9583333333333
"145",4.33374280219317,8.0797533827264,82.0099943709056,93.2003469534223,4.22326792513521,7.69579041114431,91.0491632785472,82.6490634457369,4.12801708328799,7.16819558357424,97.8517357476171,68.3714633660209,"1992","01",11.2432795695806,6.16451612903226,83,49.05,-4.12196340218795,-2.35072727044761,12.0416666666667
"146",4.62327732819375,7.37978951865619,111.303230199764,71.8013481687507,4.68395757328477,7.05771161922549,125.364019293497,62.5686899966475,4.4642145679662,6.47882692480909,129.882911739491,46.9140905639675,"1992","02",12.9295977017241,5.84137931034483,144.3,34.9,-5.47535703602178,-2.53562184049915,12.125
"147",3.90123580127994,6.88262087610202,100.039028093582,60.7737655574932,3.71030905332844,6.42934457441301,96.4683864534599,49.1927286718364,3.79414251416745,6.00313429941828,114.865565026039,39.0393473496013,"1992","03",11.5875409072581,5.47096774193548,159.6,34.9,-1.13738593345515,-2.27031730273867,12.2083333333333
"148",3.5249769913829,7.8025117149446,66.1501544141203,84.7405477422136,3.50248237887822,7.45147316811063,61.5053397476901,74.3772892754579,3.45863780738858,6.95609803063903,62.7163187679136,60.7263523221762,"1992","04",10.6083333331,6.99666666666667,92.1,63.9,-1.41555483730947,-0.938495968354738,12.2916666666667
"149",2.85681304370506,10.6343447397502,42.6029066357817,173.271683318448,2.96046347129886,10.32664732971,35.3337515971724,164.370981514667,2.91311356878395,9.89887887771755,39.8649562531958,152.417496741314,"1992","05",9.13575268854839,10.6274193548387,51.4,177.15,-1.0157070852974,-0.737640413063587,12.375
"150",2.50763207151431,12.3448817512803,30.9428906084472,222.846428784848,2.55366482089339,12.0490651497835,21.1307741783977,213.654328538013,2.60380275731885,11.6757756189245,27.5146685666325,201.64758197811,"1992","06",8.40138888893333,12.695,34.3,230.85,-0.2511118587168,-1.21454005170442,12.4583333333333
"151",3.20764484945747,12.3594089504498,86.0308195149267,228.129603946232,3.59110626144475,12.2165530815886,87.1310931621748,222.884910342753,3.33666531893238,11.6812195780016,85.4063131810756,208.131781877134,"1992","07",10.7782258071935,12.7532258064516,116.2,240.35,-2.97668742017838,-0.65946716542902,12.5416666666667
"152",2.86072001545425,12.6082490112618,117.168889259481,234.538625201249,3.00677958179767,12.441547938593,108.571706898336,228.195156046527,2.93284067495032,11.8103948416079,110.93460687031,209.55237686274,"1992","08",8.42741935483871,12.5306451612903,201.5,233.45,-2.38744964587877,-0.914272062663777,12.625
"153",3.20847436410271,11.4360323840369,96.8072764592266,194.694332370656,3.1305100114997,11.194549639465,89.662308683959,185.942855015741,3.15804520251635,10.5964641845139,89.2715238457903,167.530972836622,"1992","09",8.8027777772,10.6166666666667,146,168.5,-1.6930703483814,-1.32605928159844,12.7083333333333
"154",3.30635337313402,9.11106312465158,81.0392131070735,123.446447769393,2.78826356336659,8.67921185060291,65.4407706346501,110.355783218155,3.11724917769618,8.18102888641789,73.2889681640411,95.4754181360372,"1992","10",8.36693548416129,7.19516129032258,120.3,71.55,1.27322868502925,-1.79467844019329,12.7916666666667
"155",4.49764348458121,7.81243109664677,133.896516343134,88.0912017127814,4.31747924070607,7.47673023524454,141.602192110982,77.9609676048667,4.30472506853554,6.82830644970536,143.66222350635,61.2042591997955,"1992","11",12.0263888887667,5.64,183,35.95,-3.72490925724447,-2.88072906218308,12.875
"156",4.47195789954737,7.03534898283392,108.833378736162,67.6379826636187,4.23554516003982,6.61612495481622,118.572628008276,56.3904388602227,4.26172895690805,6.01240482506777,123.147060512863,42.6306948894584,"1992","12",11.6085317463667,4.54677419354839,125.7,16.65,-3.71580998463456,-3.22441780083586,12.9583333333333
"157",5.77771175122461,6.3249201244982,190.101682335846,47.0378495320783,5.86475368728998,5.97789487668182,218.068613436804,38.5555851078642,5.64441196370663,5.46413395999378,239.534209782672,27.7406903244424,"1993","01",17.834677419129,4.41612903225806,274.8,11.55,-6.57854663300409,-4.96659875189655,13.0416666666667
"158",4.47619538725509,7.78968436040222,66.8758410180057,82.7459816526487,4.27569904110197,7.31741701508721,78.6380214855088,70.3612259671942,4.31818497713433,7.00750521921479,97.7304824411641,61.8784121949413,"1993","02",13.3497023816429,6.24821428571429,57.1,46.8,-2.77307252322188,-3.90637159634151,13.125
"159",4.17708142303189,7.07530425879516,77.9850714004285,67.277760512079,4.23925335043765,6.7139087712626,88.4340104704665,57.5010774790033,4.08428786703,6.16804314887909,88.4141368026509,44.8735373089482,"1993","03",12.1681860691935,5.73870967741935,79.6,42.7,-4.06023235626702,-2.18665796763427,13.2083333333333
"160",3.07496862611002,8.29824931420568,52.6805448880775,98.4120251264717,3.11641469369321,8.00051682432301,38.5899112601792,89.0955303224394,2.98322267334842,7.41829987989132,32.7783034209029,72.0866550450944,"1993","04",8.22361111126667,7.56,79.7,76.8,-1.00079024908304,1.25543840778054,13.2916666666667
"161",2.89796576842104,8.72159039972963,37.3761631536863,114.068215932796,2.91718759911904,8.39242049924209,17.6458558695446,104.50755447219,2.8687963175052,7.95606168504178,17.7168209610102,92.5528803975592,"1993","05",8.99731182816129,8.32096774193548,52.5,103.75,1.63082024859554,1.66306379166054,13.375
"162",2.37070278564492,11.1456223218987,52.6487388591929,186.97586052645,2.41500605545204,10.8953083975361,36.3044946330802,178.276465210425,2.42203873040445,10.3303923962435,31.3707605484683,161.216836546533,"1993","06",6.9916666662,11.1616666666667,88.8,184.85,-0.429293653231867,0.113315789748893,13.4583333333333
"163",2.18564769113567,11.994955617197,51.9821620838485,214.536237068405,2.00329129698897,11.6721694905552,39.1028267131673,203.858019520451,2.2623378400532,11.1427947294982,38.8700016018955,188.194878659779,"1993","07",6.48790322587097,11.7854838709677,81,210.35,-0.275162312333033,-2.41584649413156,13.5416666666667
"164",2.34807840215035,12.4055193696125,43.5022618476602,226.705565577985,2.20698073367904,12.1149694794457,33.4209074200931,216.70679238659,2.38103887565911,11.5437247872893,27.5999516034086,199.874495581076,"1993","08",6.30598410480645,11.9322580645161,46.1,214.9,-0.892732398835091,-1.85762823742791,13.625
"165",2.79297632864065,11.847392295765,44.1037717697936,207.040818497895,2.80628328926522,11.6317343550002,29.8379746913255,199.040693321451,2.71309975853535,11.0162419333288,18.7615222905074,180.267383126085,"1993","09",6.7097222223,11.0466666666667,37.9,181.4,-0.686000257980948,1.30442421511094,13.7083333333333
"166",3.51038710076696,9.33542693254718,65.1630917026229,131.997600955284,3.23624229753452,8.95929380228593,47.6494546704467,121.24626121267,3.32442079621386,8.52500405451145,55.4126679331295,108.950314886439,"1993","10",9.33467741970968,7.67258064516129,78.7,88.85,1.95056677217029,0.709452122403213,13.7916666666667
"167",4.29757646385469,8.30843977369254,81.4348843618733,102.943581430899,4.37255262498945,8.06943927433036,90.4080761178598,94.9143723193892,4.08434992905989,7.30893279688034,71.4175102378686,75.3648795759118,"1993","11",10.4319444447667,6.22666666666667,57.4,51.65,-4.75854558607968,-0.265299755565633,13.875
"168",3.84652371537322,6.26525999407223,124.658670344437,52.4399615016751,3.47134309177872,5.78304523592248,118.005861480805,40.806169030298,3.63714694029621,5.11442603414912,127.747987874816,27.9021128985031,"1993","12",8.87577639716129,3.35645161290323,184.4,5.45,-1.43999189325196,-1.86082286304004,13.9583333333333
"169",4.44327604824063,6.48604510207331,110.67921781683,52.4767121440022,4.24090995159986,6.03049726665681,113.795499043159,41.443289450895,4.24240499006458,5.52668578878806,129.226140708247,30.9978703192084,"1994","01",11.9630987285806,4.16451612903226,146.4,10.45,-2.33447193207238,-2.15096125333993,14.0416666666667
"170",4.47279472644802,5.88096846849577,75.5040158240703,36.8246485705399,4.75533260742721,5.57126998701895,74.8032164587499,30.0334542669559,4.2828459316443,4.98287146828002,71.4866141864232,18.8717831877496,"1994","02",12.0074404766429,4.00714285714286,64.5,7.6,-2.38233203818861,2.73469658569139,14.125
"171",4.7064414571668,6.03140384047447,122.146253712556,38.6535368685078,4.65372105083704,5.60002149125426,138.593811819011,27.7409525370187,4.6413379222873,5.14150020726772,152.423688894995,18.9391690114404,"1994","03",15.0053604065806,4.53387096774194,164.7,14.95,-3.90377702292807,-4.52860718714163,14.2083333333333
"172",3.22809399601597,7.35558218015619,68.0184383638611,73.3022239175129,3.07143960372556,6.96074089434286,58.9267366576046,61.8452114570256,3.15450249866113,6.41602576130107,59.2833593970363,47.5946375964792,"1994","04",9.22294685976667,6.27166666666667,104.8,49.4,-0.855732787491505,-1.24756143997826,14.2916666666667
"173",3.24521291160033,8.6723047150159,36.4712142975031,112.974749047731,3.43574581397987,8.39452247388946,22.8081048467618,104.830761992396,3.22399265266658,7.95391010563557,18.9088808061733,93.2117201817474,"1994","05",10.3884408606129,8.40161290322581,34,105.45,0.69988080194314,2.15084621354934,14.375
"174",3.11432042365905,10.769613314211,80.6268501271822,176.208153114867,3.24949887108237,10.5434800744411,83.805542483132,167.799207005768,3.20629339551194,9.95899166636082,77.2153884297128,150.955840181887,"1994","06",10.2170487562414,10.8233333333333,114.3,174.7,-3.35107667464237,-2.66992155228994,14.4583333333333
"175",2.50461530822077,13.2506624599266,48.3588658222988,254.858277041029,2.86689571592654,13.1180850331332,42.9272505845878,249.520765746837,2.62332822693248,12.4992439143297,31.6691582430501,231.991858384085,"1994","07",7.37938288929032,13.6209677419355,48.7,267.25,-2.86007546995475,0.451978975558632,14.5416666666667
"176",2.36165621790732,12.7383528601212,67.2298105272672,237.310788698561,2.2969754797032,12.4820415550137,53.1012770544423,228.553329404166,2.40715926424054,11.9138930804762,53.4539357146993,211.471835509457,"1994","08",6.44489247306452,12.45,105.6,230.95,-0.697093710793983,-1.05941184569596,14.625
"177",3.27812907699227,11.5294442422899,87.4239610271412,197.432467064864,3.19877216405103,11.2603064906323,76.3853056024708,188.638380983707,3.22509806030641,10.7877870405143,84.0798993355885,173.701449261886,"1994","09",9.54444444416667,10.8233333333333,130.6,174.7,-0.144258688485485,-0.597755746260358,14.7083333333333
"178",3.49520594922955,10.2705493248374,61.7924311178553,159.327555498666,3.39993883362653,9.99002276938841,54.8251541985657,150.115477688725,3.33531475655454,9.40214974164828,48.8000706104901,132.996727718853,"1994","10",8.67631964822581,8.79354838709677,55.2,118.4,-1.26761032794968,0.164673279781973,14.7916666666667
"179",4.43714066953663,10.1236989441762,106.711388450653,153.071006364866,4.58278520253198,9.91133867049968,111.948856872877,146.186998500227,4.25772488573916,9.34369350576037,115.084396660245,128.955577022274,"1994","11",11.8833333333333,8.76,130.5,113.55,-3.98012944230671,-0.112066835430056,14.875
"180",5.15599612428455,7.42075883660113,146.320979975254,80.1512781309456,5.31135334598503,7.13895782864198,162.85588831973,72.9446028416627,4.98024640859036,6.5282241893725,169.626376246845,59.0733103209184,"1994","12",14.4931793901935,5.4258064516129,187.8,40.8,-5.4103687543482,-1.76455088244367,14.9583333333333
"181",5.53339454686589,5.93738028546618,156.652539215955,41.4604472219145,5.62249193517781,5.52487233397144,173.100300228894,33.0976171883761,5.39572922567303,5.13994895500455,200.812642976199,28.4732967782742,"1995","01",17.2298387095806,3.89354838709677,210.5,14.3,-3.37914414795816,-2.56846518447443,15.0416666666667
"182",4.59226894846174,5.91805658414222,119.798563042176,39.405513288431,4.44514846952394,5.43551511452303,131.07587626113,28.2245052754591,4.47253011404005,4.96285281804617,149.243157855975,20.5391267992824,"1995","02",13.5193452387143,3.82857142857143,158,10.4,-3.2040750567641,-3.80547476885832,15.125
"183",4.57926400855898,5.32989762765754,113.09128465103,28.402308487889,4.58194354935437,4.85271898395582,126.948759989752,18.1537789437789,4.54929444187546,4.3958840954092,141.709092774011,13.9199119844998,"1995","03",14.6033777472903,3.53387096774194,135.4,16.3,-2.88933158359533,-3.57434225773735,15.2083333333333
"184",3.58015031211848,7.4018825114087,50.0889711009525,74.0217144005632,3.42525532113327,6.9536225973645,41.0473141958821,62.168911600688,3.50939399098789,6.64288156563001,54.215137677315,54.5040319289736,"1995","04",11.5611111105333,6.51166666666667,62.4,54.95,1.07538041733339,-0.997131575448816,15.2916666666667
"185",2.78653259278701,8.95583822902688,46.1317463636321,123.755536439275,2.77659249977997,8.62597587435733,35.1324945730825,113.805413112855,2.79449307560427,8.07465961523672,29.3179493627852,99.5586461493553,"1995","05",8.26612903232258,8.4258064516129,59.8,114.85,-0.578224792438221,-0.391558800109147,15.375
"186",2.476323407234,11.2153038296138,25.5979316974395,188.350995896704,2.37465595969229,10.8636758670712,10.0220050413272,177.693235186934,2.53101722212045,10.5113887520591,16.3630674144751,166.625328504432,"1995","06",8.2597222221,11.25,30,187.5,1.384555110892,-0.903789151661791,15.4583333333333
"187",2.50360448430995,13.4689307875159,47.3689982656366,260.741799031352,2.66387249764818,13.2326976677335,39.7058499453376,253.342788757685,2.63511365399306,12.8023335401099,45.1851158328356,240.631491205643,"1995","07",8.23118279529032,13.8774193548387,57,275.2,-1.06977180833905,-1.01896599801997,15.5416666666667
"188",2.41928441661526,14.4685816252336,37.0604853876378,290.205962150492,2.46037489065659,14.1975669182268,28.7092332727246,282.034612710098,2.52184057113335,13.8190747563723,39.3111374431152,270.122731733939,"1995","08",7.490591398,14.6629032258065,32.2,299.55,-0.662414404968514,-1.51054290364093,15.625
"189",2.96901296776105,12.0141263813875,78.7295096881834,211.458631555947,2.76357651381709,11.6985125396578,63.519730636216,201.536782515039,2.91937439109063,11.2723225251642,76.4353183167529,187.308972874369,"1995","09",8.4680555552,11.3133333333333,125,189.4,0.686068096609768,-1.06460162367622,15.7083333333333
"190",4.26178823574313,11.26667974278,137.68870048239,190.874148340541,4.40712152793229,11.0739206365739,146.818275612047,184.286842217479,4.19633418311702,10.4978730745858,154.497128894127,167.232027086362,"1995","10",12.3602150533548,10.341935483871,197.3,165.6,-4.59776472905626,-2.16872246118997,15.7916666666667
"191",4.01901498559239,9.42982308323155,89.9645797485886,132.216484073255,3.86282151865414,9.09016286633061,80.5641775355005,122.605506744879,3.79989244338773,8.64350806197091,93.8325506735713,108.858161427214,"1995","11",10.5500000002333,7.74833333333333,121.7,86.75,-0.357071648621695,0.293387710164389,15.875
"192",3.97375829476389,6.39044287822939,70.8553680263797,62.4704530053928,3.92508761813573,5.95327352378817,65.4215066255118,53.5313640424565,3.77889290212586,5.34571785066738,67.0661008050763,45.4016707297821,"1995","12",9.43682795683871,3.60806451612903,45.4,28.9,-0.807213771948821,1.29410284516685,15.9583333333333
"193",5.04523743502779,7.62685091636622,88.3371247929069,84.0722224341371,5.58350655937792,7.45026741237183,97.7197844055269,80.0542115132652,4.83678141507461,6.85694997303519,93.1369882483882,66.1309797263114,"1996","01",13.7069892472258,6.10161290322581,69.5,53.1,-4.7939212883931,3.17287633250781,16.0416666666667
"194",4.18545777621986,6.11439054840132,74.3151958383722,43.4824409313219,4.03641292514217,5.63057722146246,75.5154465102628,32.2337229484907,4.02183960812687,5.17940504885574,87.6459135562452,24.5488836913718,"1996","02",11.6149425287586,4.01034482758621,73.8,11.4,-1.42340449732681,-1.43527435459764,16.125
"195",3.68541025953162,6.59687684333239,47.9409743671046,50.4709092039681,3.67133178329331,6.22064438642248,38.9013100067962,40.3552132689784,3.5172217882288,5.69386501209816,36.4918193991897,27.3818250437147,"1996","03",9.85887096787097,5.11451612903226,44.8,18.2,-0.761772248405721,1.21919543004131,16.2083333333333
"196",3.69939835206386,8.04440003497481,69.9989522346449,91.6538552780808,3.86927582749099,7.78117071587525,71.8459355001469,83.0708506078835,3.6409236086167,7.18161096116603,63.0786376562911,66.4147989005715,"1996","04",10.8875,7.37333333333333,86.2,72,-3.40098431374062,-0.500624255326463,16.2916666666667
"197",3.18963705353653,8.10218308139441,46.1502990814452,95.8986856395975,3.26013147892018,7.79414258066292,32.8624911133089,86.6114973687942,3.15906078842872,7.30355142147366,27.2609662770319,73.8052668743348,"1996","05",10.0120967736452,7.59516129032258,56.4,82.5,0.534416652733758,1.16291480909451,16.375
"198",3.34632950980144,11.0927768276443,63.8189331621779,185.957095826139,3.52336373995839,10.8431927558657,70.0227199577851,177.570784547936,3.45273627141736,10.4011038189632,69.9356155651583,164.885112999697,"1996","06",11.7270202013333,11.3283333333333,70.3,189.85,-2.70081989025608,-2.72970220953942,16.4583333333333
"199",2.58556578853029,12.3943040411747,58.9684429341176,227.569438381957,2.60952286229542,12.1272643355344,53.2836438324854,218.733072148357,2.69255319306054,11.6310299041651,54.3005924639306,204.383101673494,"1996","07",8.327956989,12.4677419354839,79.3,231.5,-1.35889476406801,-2.17616043692166,16.5416666666667
"200",2.42941147330381,13.5220753266247,52.0519560931374,261.538491564158,2.48408391798779,13.2856999443208,40.7240791778177,253.752833495633,2.49901035985333,12.7826502242831,43.0543887442856,238.578061315092,"1996","08",6.97177419329032,13.4903225806452,66.2,263.2,-0.894262265888355,-0.657275069700584,16.625
"201",2.99210135361297,13.0490000533596,64.4844716202598,243.404782451772,3.04764037653413,12.8339840826851,57.4994570081872,235.816460321241,2.97248050273474,12.3111842015809,58.8643042827148,219.014428148508,"1996","09",8.14444444446667,12.625,76.9,228.75,-1.73873775025439,-0.45491985707889,16.7083333333333
"202",4.3994312470579,10.6999814059309,142.117231232207,173.509481812049,4.49937120876362,10.4783328732464,147.263852958425,166.533073507031,4.31645915391575,9.97505797765943,160.645844699054,151.604120586506,"1996","10",13.1881720431613,9.72096774193548,211.5,146.35,-3.21441165855987,-1.69907217411189,16.7916666666667
"203",4.15673896583852,7.20237225036384,131.523702383219,76.6757004330708,3.8012024050158,6.7445947168675,124.883767639056,65.3300368865747,3.97169640147971,6.23770493528091,143.178853574032,55.068577210981,"1996","11",11.2724747472,4.76666666666667,197.9,32,-0.0483952960107817,-1.96601755605862,16.875
"204",3.89300181267293,6.89737875833752,74.2801467286694,69.6653483300938,3.59824998820639,6.41252305725189,70.4136406703749,58.13871277778,3.67796166381163,5.85708946272276,77.262660936977,48.0690979120843,"1996","12",9.31182795696774,4.18548387096774,66.7,25.25,-0.93650432827358,-1.08691477465336,16.9583333333333
"205",3.92620462440013,7.21348234331016,90.79805422235,75.1982575359334,3.73555563588803,6.78285086874748,91.9933662026323,64.3993964951674,3.73021626536309,6.16265694829294,97.7766385859791,50.6492895341365,"1997","01",9.30730694019355,4.86129032258065,109.2,34.2,-3.16982062740758,-1.76370565309243,17.0416666666667
"206",5.65103808006627,6.41652431059562,269.092245745743,46.7824627641709,5.74009325372045,6.10810830347384,284.747959105995,39.2480210281098,5.56429875928407,5.60600760199463,325.564943709838,26.1971641428961,"1997","02",18.2019230770385,5.11964285714286,489.2,21.4,-5.80199481559749,-4.74582197762904,17.125
"207",4.88604959869546,7.89111954910162,109.30469778469,85.810348089266,4.86766104725601,7.48450366431547,130.128134132193,74.8727041226321,4.83010432371981,7.19790526865074,153.725243404049,66.8129251526304,"1997","03",16.3596618360333,7.04516129032258,142.4,64.65,-4.20458328728458,-5.31035533765134,17.2083333333333
"208",3.35572339556782,8.33247152201032,54.4384671963623,99.3221976991373,3.18818042475181,7.91784185381914,48.428960954331,87.4276994759626,3.29712888403978,7.52420352993987,57.6456044958694,75.8451234277057,"1997","04",10.3452380947143,7.57833333333333,75.9,79.25,-0.543350356590021,-1.9951508133246,17.2916666666667
"209",3.32209218515955,8.98509395665041,58.8907342561526,124.154523362311,3.54708752134977,8.71026536938879,44.5407092063178,116.661500719811,3.32902472886843,8.30764520940615,49.3959089831953,106.33173622004,"1997","05",11.0040322574839,8.85967741935484,85.2,123.65,0.780022801414137,1.99482336107998,17.375
"210",2.95537946205207,10.8958431545822,42.7941790058035,179.962634988661,3.14756758382121,10.6411607219004,27.7121495578083,172.343249493242,3.00909296426768,10.2814333965065,32.6680417704843,161.696270353216,"1997","06",10.1537356320345,11.1583333333333,55.4,184.75,1.13107615749237,1.39856946985076,17.4583333333333
"211",2.34681365375762,13.7683479382213,44.3118263141561,269.887440638107,2.52754322472264,13.5538401750303,37.9239146328464,262.717869742292,2.48374646990929,13.0532130507957,38.1708740397603,247.947157988778,"1997","07",7.3045454543,14.1725806451613,49.7,284.35,-1.92876359702918,-1.13990791242418,17.5416666666667
"212",2.51054782740362,14.9736831232117,45.3909836431315,306.697159979311,2.82526918324954,14.8131218224573,38.5387538064104,301.440123535822,2.62813503859952,14.3409030902064,42.3010320903094,287.108491518152,"1997","08",7.46577380953571,15.4193548387097,42.4,323,-2.0533629428325,0.216151040577317,17.625
"213",3.49861931455999,12.195505437913,85.5251701540821,217.515151540428,3.44540702963192,11.9276994485689,89.1302080715442,208.415832632371,3.49099576143174,11.4546019152546,95.0671934436224,193.531826610405,"1997","09",10.6111111110333,11.61,105.2,198.3,-2.49392740280436,-3.11978441003486,17.7083333333333
"214",3.64516348606075,10.7622828355542,64.2254774008899,173.740771575129,3.45616896511582,10.4270456180798,64.1587385447007,163.291790861943,3.51925739769823,9.94629955168295,67.4199539926176,148.905016237428,"1997","10",9.88440860151613,9.39032258064516,54.7,136.25,-1.5930888976112,-2.08261517449979,17.7916666666667
"215",4.00247654786206,10.0167742534122,87.3503340905855,149.36894250085,4.05201331730363,9.78124081001952,83.6934307354439,141.731913265336,3.79221824575273,9.18353341257185,83.2316085230121,123.426041113844,"1997","11",9.8263888889,8.48793103448276,104.6,105.362068965517,-2.73708672222476,0.928772990375415,17.875
"216",4.269659748172,8.36892265913456,108.684181567098,101.356479645013,4.21165588780273,8.05795156226545,106.406943295247,92.4764712045939,4.02899003857175,7.46877937299662,113.063459897711,75.6338905909873,"1997","12",10.59077380925,6.43064516129032,151.2,52.65,-2.86425248913691,-0.0116352943700296,17.9583333333333
"217",4.71744646793281,7.35816995007354,128.935928742661,76.1218857090006,4.81939881308077,7.03725993917538,133.174885377474,68.3549355071147,4.52429215659515,6.49718114950028,146.892522858058,55.3465589812917,"1998","01",12.8937801932333,5.53387096774194,182.8,40.4,-3.59491832260765,-0.275226430691387,18.0416666666667
"218",5.32276891372656,8.28741631632273,142.72692655442,98.1844611697917,5.33609264120871,7.89306261037417,167.260624936966,88.1807332321051,5.23516324052201,7.62328285767982,201.116177318534,80.3598418275085,"1998","02",17.4020529366667,7.23571428571429,202.892307692308,74.1,-5.18725886389976,-5.64156284268664,18.125
"219",4.41816569401903,7.04464273142576,130.429054193399,68.5284496684851,4.47082965718265,6.66580970167464,136.352817385494,59.3467133828492,4.35668036786834,6.21898845360989,156.174940216119,49.6488065557945,"1998","03",13.8176328497,5.87903225806452,203.765384615385,52.4,-3.00729865495016,-2.4141845039339,18.2083333333333
"220",3.49130000300296,6.93797845603016,82.7584496333087,64.4823190808776,3.55016003632562,6.57943805447578,61.6960884278367,55.7314517932121,3.4124022135673,6.15456133317085,73.6862431618273,46.1339821403952,"1998","04",10.7243589748462,6.06833333333333,144.521739130435,51.6,1.78065187000527,2.43727557529484,18.2916666666667
"221",2.51944459721564,10.0468868136498,34.4167275978914,153.473960758455,2.38062154602418,9.66227192344733,16.2852797321376,142.405885530984,2.53120679829539,9.27387499471566,24.6619471326779,130.799074440543,"1998","05",7.79569892506452,9.77903225806452,56.5233333333333,148.15,1.23956794457489,-0.536514545309252,18.375
"222",2.76918704101505,10.3668628799814,75.3246345497607,163.82888758365,2.83677811086464,10.0984718123206,52.42623699147,155.6354433663,2.80573522542014,9.67526946502472,61.136951826059,142.779516363306,"1998","06",9.20694444433333,10.455,143.9,163.65,1.78048273521549,1.39067320208292,18.4583333333333
"223",2.68956167753279,12.4267260621866,101.101580310011,228.746377062679,2.67661101428006,12.1442391609335,87.3904193892382,220.258386337662,2.80702664470001,11.7434452249775,106.223699412035,207.957179682342,"1998","07",9.29166666648387,12.6693548387097,188.5,237.75,0.168711605127687,-1.84100819550047,18.5416666666667
"224",2.90292351240234,12.9261860440875,71.5826878568715,243.221535063676,2.86786440207271,12.6380348549763,67.879851239106,234.225595377356,2.9856426989675,12.2276434487222,78.5678800192811,221.898580246891,"1998","08",9.45430107493548,12.8387096774194,96.6,243,-1.03512806260639,-2.75306138732824,18.625
"225",2.8280226836851,13.1388671584586,74.3919147203699,245.934725067555,2.82124427327558,12.9044381683873,59.7874307375257,238.146484302913,2.8026554401087,12.4204417543979,68.5288442862467,221.956651960791,"1998","09",7.6361111112,12.745,114.4,232.35,-0.475514987190884,0.0921715298301278,18.7083333333333
"226",4.17276636102591,9.58786568129565,169.237617168956,138.910115881611,3.91838097160905,9.25572459574025,163.909899664395,128.953941334106,4.0556303589374,8.78434100472187,188.195738256406,114.425797454382,"1998","10",12.4677419348387,8.21290322580645,296.1,100.9,-1.00388109216784,-2.88131665862067,18.7916666666667
"227",4.69821263758001,8.20271488874177,186.01175182929,99.0404471939353,4.60986692084586,7.91557834570448,187.641615291674,90.6322735280175,4.52121726434706,7.31118502009603,204.398127923025,73.8777473968467,"1998","11",13.1777777779,6.37666666666667,310.5,53.8,-3.22667443039575,-2.02879590998687,18.875
"228",5.28089724261115,7.74973085489409,206.421065497733,88.9580431187874,5.29030669318755,7.42833458255688,220.355617557233,80.998971497777,5.13665061861862,6.90391540493745,248.636659990436,68.1604522798678,"1998","12",15.6733870965484,5.93064516129032,335.213333333333,53.25,-4.95709258809066,-3.65665986118987,18.9583333333333
"229",4.57203434643988,6.81033057345426,198.787641538669,60.0062443091869,4.30225825857063,6.38945816239836,200.54956454331,49.350669797496,4.39970654634752,5.82051253283734,230.616749066729,34.9757084409472,"1999","01",12.5967741935484,4.68709677419355,354.728571428571,18.7,-3.5363007983501,-3.93394820120683,19.0416666666667
"230",4.85441894781154,6.00322550540453,151.119863087311,42.4482558066213,4.48813602659094,5.3929565448806,158.408311496755,29.3557268103717,4.76735435153098,5.2102681376858,207.952686869763,29.4795515066176,"1999","02",16.03124999925,4.06607142857143,240.488888888889,20.75,-0.530618220464896,-5.63594733728321,19.125
"231",4.32650230062603,6.93182282783621,156.504059926617,61.4711160035631,4.24838092509469,6.54055257142027,155.557717145865,51.4814203471299,4.24160624372982,6.09787844458514,182.179809434611,40.0551686911741,"1999","03",13.4756311369677,5.77096774193548,280.328571428571,39.3,-2.19032723960896,-2.60286782347062,19.2083333333333
"232",3.371631848497,8.25176035786131,112.600559827631,100.708276973328,3.35027750866687,7.90419541652035,96.8758046238757,91.4096231864978,3.33170914461079,7.44951640805472,115.257859143667,78.6950051727138,"1999","04",10.3388888892,7.645,216.51724137931,89.75,-0.106270745993202,-0.0972636298528348,19.2916666666667
"233",3.27808050517443,9.72543784999806,107.710535398184,145.472568660202,3.45515205096464,9.46885030768079,94.8209674303547,138.089887524744,3.32132446010552,9.01964989903868,108.515890805592,125.090747495466,"1999","05",10.9072580642903,9.78225806451613,200.7,148.25,-0.53656768368194,0.273825992128943,19.375
"234",3.10944658599656,10.5724450922887,112.893538919235,170.384242309811,3.21445205274227,10.3306594677757,101.59316134178,162.522775247764,3.18887372885279,9.85605471353658,112.311319946169,148.167400054876,"1999","06",10.6694444438667,10.7583333333333,210.1,172.75,-0.635523294054687,-0.926887757615909,19.4583333333333
"235",2.66498346697099,13.0566831317595,82.7426826915998,248.30321790224,2.78630009075557,12.8174271982519,73.3399156785813,240.897747142101,2.79814671094896,12.3873736075197,85.7740850809978,227.984827645555,"1999","07",9.02419354858064,13.4467741935484,138.9,261.85,-0.884578373347764,-1.42424898205426,19.5416666666667
"236",2.74751077547426,13.3376521176829,68.1968301994433,256.58576802254,2.93008135348443,13.1284837298008,52.9636295529296,250.30486323919,2.81646333277521,12.7123096151677,63.6449401334174,237.713159886398,"1999","08",8.62365591435484,13.5048387096774,102.5,263.65,0.22406665951489,0.90687413870977,19.625
"237",3.43418389160889,12.9917306690699,135.019767487354,242.970510576581,3.71285122735577,12.8808161726263,127.656401053382,238.408174589435,3.44074198352257,12.2956696305259,136.642437010937,219.672548622975,"1999","09",9.9347222224,12.8583333333333,229.2,235.75,-2.81475566817394,0.433273133677587,19.7083333333333
"238",4.13698895307372,10.7774514135325,154.876586795807,175.632149298038,4.15576410236486,10.5424826708146,152.444390090413,168.342924350283,4.04664320960135,10.0267514423244,170.31987181691,152.521383120831,"1999","10",12.0798771124194,9.76935483870968,256.5,147.85,-2.36489713528533,-1.3509372179556,19.7916666666667
"239",4.4179751789905,9.00342002091893,175.606830685539,119.589392177714,4.03997146629421,8.60841722052018,175.592597224005,108.207995099556,4.24926561096989,8.14930020939146,205.522502484709,93.6857532893543,"1999","11",12.6772875820667,7.22833333333333,305.3,72.45,-2.08387378500419,-4.36204993823456,19.875
"240",4.59427434647387,6.32167735412807,236.832064223332,51.6688934068855,4.2534998539131,5.87388637088348,227.972111985365,41.4810873752873,4.42161728637443,5.32992567866962,268.786802530148,29.8981064936126,"1999","12",12.8803763436774,3.89838709677419,441.817391304348,11.95,-1.16336349853976,-2.89119100632277,19.9583333333333
"241",4.96762561579041,7.26652680387736,195.526711381923,66.7385468675218,4.5632958998182,6.78407016737719,200.708936658009,54.2819111354878,4.78854001173507,6.45460940389177,246.461513010698,43.9178923925174,"2000","01",15.176075268129,5.44193548387097,351.126666666667,22.4,-2.41475517075411,-5.60582031493292,20.0416666666667
"242",5.43234676035116,6.42062730424954,210.506690637531,47.4578823037013,5.37075271744762,6.01801594428858,229.293463951641,37.6170890374625,5.33906764007311,5.60467213083772,266.002698728078,27.957774854884,"2000","02",17.5258620689655,4.90689655172414,355.186956521739,19.4,-4.96696115013052,-5.70781457062893,20.125
"243",4.01010074059123,7.55765709985779,129.176313802965,78.7323711380095,3.82480835655522,7.12392115446224,126.068779444655,67.5163934332761,3.92221077466087,6.73354618035332,153.78988982904,56.7791723290476,"2000","03",12.3085554002258,6.42096774193548,229.953571428571,56,-1.54613513278693,-2.97980096785146,20.2083333333333
"244",4.01983332648219,6.79571140516583,83.2341730458254,57.5865083427682,4.03033604697965,6.37971265540792,64.8785991164038,47.9491049562036,3.94194226618484,6.19078708752895,92.3008260547573,44.2475818352322,"2000","04",13.8666666667667,6.12166666666667,141.214285714286,46,3.29107684078321,1.68061913246553,20.2916666666667
"245",2.72603004384973,9.73164785577291,55.7119677108071,144.472651066478,2.70428686636521,9.40976922257089,41.9360263512348,134.650209762656,2.74088493035021,8.912198818258,43.7522690922175,120.271476276915,"2000","05",8.25806451606452,9.45483870967742,92.4,138.1,-0.289734419393738,-0.439964328223704,20.375
"246",3.32682697973999,10.3771557975756,98.477275621287,165.016323707358,3.59026002787452,10.1767115925147,88.5322194887551,158.478315450523,3.39709034950771,9.71307442853848,94.3286745794103,145.02786609132,"2000","06",11.4856321836552,10.6383333333333,168.1,169.15,-0.607452892929727,0.514502861898577,20.4583333333333
"247",2.7436892524412,12.4237997421184,38.2412609257262,228.431345576239,2.77462462788021,12.0995803167117,22.4596268641906,219.646375612132,2.83751219239098,11.8752486270986,40.6534706170481,212.938986871128,"2000","07",9.9333458272069,12.7193548387097,46.3,239.3,2.31000544231013,-0.150332539877349,20.5416666666667
"248",2.64854057561907,13.5701516731077,87.3857174436009,263.625737321197,2.79351010489766,13.3695329149974,73.8830134790429,257.197300365186,2.73267285558443,12.8850322427963,84.5007427166498,242.350239170855,"2000","08",8.064516129,13.7258064516129,146.5,270.5,-0.794675374993994,-0.108338493088318,20.625
