Year,Month,BrAvTG,BrAvWD,BrGDDadj,BrTtRRadj,QuAvTG,QuAvWD,QuGDDadj,QuTtRRadj,SgAvTG,SgAvWD,SgGDDadj,SgTtRRadj,STAvWD,STAvTG,STTtRRadj,STGDDadj,STNSWD,STEWWD,Time
2000,9,13.21666667,3.371,246.5,118.4780145,12.02033333,3.030333333,210.61,200.2,13.02433333,3.204,240.73,203.292,11.07777778,12.665,189.7,229.95,-2.798088762,0.778887699,20.70833333
2000,10,9.840322581,4.896129032,150.05,221.8549158,9.46516129,4.472580645,138.42,230.4,10.57612903,4.749677419,172.86,230.876,15.35775862,9.556451613,363.1,141.25,-4.5071833,-1.624110435,20.79166667
2000,11,7.336,3.433,70.08,110.159,6.71,3.838,51.3,126.4,7.712,4.009666667,81.36,136.919,10.08189655,6.086666667,216.3,34.7,0.497384095,-0.77804144,20.875
2000,12,6.58516129,4.611612903,66.83,109.352,6.073225806,4.323225806,55.14,131.8,7.211612903,4.729032258,80.77,127.248,11.00972222,5.346774194,323.662963,50.2,-1.821976338,0.151796653,20.95833333
2001,1,5.933225806,3.789354839,32.97,94.467,5.427741935,3.693225806,21.29,110,6.588064516,4.123225806,50.35,110.919,9.141129032,3.95,99.4,8,-2.930150539,0.093917066,21.04166667
2001,2,5.437857143,5.091071429,39.49,68.346,4.909642857,4.915714286,31.62,94.2,5.953928571,5.004642857,47.96,74.462,14.41964286,3.973214286,153.72,21.45,-0.729483356,-0.371788406,21.125
2001,3,5.286451613,4.637741935,25.94,60.909,4.72483871,4.024516129,18.73,72.4,5.81483871,4.166774194,36.24,77.811,10.81884058,4.558064516,103.2185185,23.8,-1.839098823,0.527214639,21.20833333
2001,4,7.219333333,3.362666667,67.27,61.516,6.446333333,3.288,44.83,71,7.452333333,3.449333333,73.93,69.341,7.677083333,6.31,118.862069,43.3,0.20395774,-0.31488717,21.29166667
2001,5,10.49677419,2.576129032,170.4,40.607,9.819677419,2.689032258,149.41,51.8,10.61290323,2.76,174,47.481,8.071428572,10.2983871,62.10333333,164.25,-0.408591736,-0.898053512,21.375
2001,6,10.09233333,3.185666667,152.77,79.199,9.590666667,3.335333333,137.72,91.2,10.57633333,3.246666667,167.29,84.519,8.612745098,10.74166667,116.1,172.25,1.186108703,0.217110549,21.45833333
2001,7,10.60064516,3.059032258,173.62,69.543,11.54354839,2.728064516,202.85,85.2,12.44548387,2.87,230.81,75.844,8.699074074,12.52741935,141.67,233.35,0.493227658,0.935769398,21.54166667
2001,8,12.35,3.707096774,227.85,95.681,13.01935484,3.268064516,248.6,116,13.89677419,3.14516129,275.8,98.302,8.458333333,13.90645161,150.9,276.1,-1.905791086,-1.113561965,21.625
2001,9,11.96166667,3.033333333,208.85,82.012,11.707,3.448666667,201.21,120.2,12.41466667,3.406666667,222.44,109.145,7.147058823,11.58666667,188.8,197.6,0.844539573,1.237544573,21.70833333
2001,10,11.58064516,4.690967742,204,175.685,11.32903226,4.326451613,196.2,246,12.16774194,4.416451613,222.2,218.086,NA,11.24032258,361.6,193.45,NA,NA,21.79166667
2001,11,8.533666667,4.026333333,108.03,114.379,8.194666667,4.081333333,98.66,174.8,9.143333333,4.506,125.17,146.365,NA,7.296666667,204.4615385,72.8,NA,NA,21.875
2001,12,6.949032258,3.889032258,72.47,114.367,6.625686564,3.98483871,63.21548705,167.8,7.488387097,4.256774194,84.84,121.143,NA,4.6,207.8409091,25.15,NA,NA,21.95833333
2002,1,7.899032258,6.196774194,92.22,161.203,7.626934796,5.146774194,86.0724202,207.6,8.536129032,5.297096774,111.3,181.828,NA,6.669354839,373.9241379,60.05,NA,NA,22.04166667
2002,2,6.269642857,5.116071429,43.16,149.339,5.994231118,4.886428571,35.83915036,312.8,6.905357143,5.43,58.62,198.19,NA,4.696428571,344.4,15.65,NA,NA,22.125
2002,3,6.836451613,5.119354839,60.38,99.895,6.536393541,4.567096774,53.04933688,146.2,7.421935484,4.659032258,76.27,129.632,NA,6.15,195.3,44.3,NA,NA,22.20833333
2002,4,8.245,3.915333333,97.35,113.977,7.895908508,3.84,88.85810499,130.2,8.729666667,4.085,111.89,122.523,NA,8.278333333,149,99.1,NA,NA,22.29166667
2002,5,9.766774194,3.36483871,147.77,61.508,9.421685733,3.311935484,138.9087853,83.4,10.25451613,3.344516129,162.89,78.802,NA,10.08064516,114.8,157.5,NA,NA,22.375
2002,6,11.36133333,3.793,190.84,126.834,11.03978993,3.621666667,181.7909787,160.4,11.89033333,3.569333333,206.71,147.738,NA,12.50666667,212.2,225.2,NA,NA,22.45833333
2002,7,12.1516129,2.847741935,221.7,96.887,11.5697722,2.522258065,202.5422487,119.6,12.62935484,2.650645161,236.51,110.524,8.705576559,12.49677419,201.6,232.4,-0.770200557,-1.779905206,22.54166667
2002,8,13.14,3.468387097,252.34,50.051,13.01419833,3.176451613,245.8880167,62.2,13.73064516,3.134193548,270.65,56.731,7.981175173,13.8,87.2,272.8,-1.496559332,-1.435414335,22.625
2002,9,12.83366667,3.38,235.01,86.236,12.54766667,3.044666667,226.43,107.4,13.468,2.933666667,254.04,71.61927495,9.46,12.77833333,92.45454545,233.35,-1.082618199,-1.527372296,22.70833333
2002,10,9.621290323,3.709354839,143.26,84.619,9.285806452,3.762580645,132.86,106.8,10.22193548,4.10483871,161.88,114.3061971,10.79252588,8.675806452,175.8733333,117.25,-0.338584999,0.076613486,22.79166667
2002,11,9.081666667,5.381666667,122.45,146.736,8.703666667,5.05,111.11,158.8,9.773,5.663333333,143.19,164.1,14.18388105,8.275,184,99.4,-2.985088089,2.624548236,22.875
2002,12,7.105483871,3.712580645,68.79,50.853,6.997419355,3.333225806,63.48,57.2,7.994193548,3.734516129,92.82,57.526,10.16725294,5.553225806,57.6,35.4,-2.374456719,1.924733867,22.95833333
2003,1,6.64483871,5.084193548,58.59,145.725,6.260322581,4.551290323,49.16,274.6,7.218709677,5.037419355,72.82,177.099,15.54166667,4.817741935,303.6,35.25,-0.441534907,-2.573207749,23.04166667
2003,2,6.889642857,5.578928571,56.44,82.206,6.2,5.51,44.14,84.8,7.283571429,6.176071429,69.22,79.979,15.02678571,5.482142857,110.8,34.05,-5.013059712,-1.366825207,23.125
2003,3,8.447096774,4.640322581,106.86,88.844,7.524193548,3.863548387,78.25,99.4,8.524193548,3.892903226,109.25,99.672,13.08924071,6.953225806,140.6,62.55,-4.300185166,-2.956598949,23.20833333
2003,4,9.331,3.142333333,129.93,40.804,8.506333333,3.071,105.19,44.8,9.882666667,3.089,146.48,52.988,9.289855073,9.53,75.8,135.9,-1.10320768,0.365322271,23.29166667
2003,5,9.332903226,3.489032258,134.32,92.871,7.762903226,3.36,85.65,119.2,9.629677419,3.275806452,143.52,115.835,11.30387931,9.290322581,215.9,133,-2.047326498,-0.87304924,23.375
2003,6,12.14566667,4.017666667,214.37,67.934,11.50433333,3.658,195.13,85.2,12.35166667,3.544,220.55,85.098,10.67638889,13.28666667,133.6,248.6,-2.974445334,-0.850077202,23.45833333
2003,7,14.31354839,3.208709677,288.72,96.675,13.95032258,2.942580645,277.46,113,14.53483871,2.85483871,295.58,111.693,9.424404762,14.97333333,107.7,309.1733333,-2.055997156,-0.843177274,23.54166667
2003,8,14.37225806,3.151935484,290.54,51.262,13.40290323,2.847741935,260.49,58.4,14.59258065,2.949354839,297.37,52.598,8.670138889,14.63548387,101.2,298.7,-0.994039177,-1.247299168,23.625
2003,9,12.58833333,3.903666667,227.65,144.725,11.94933333,3.552,208.48,161.2,12.81966667,3.481666667,234.59,132.5571429,NA,11.98166667,97,209.45,NA,NA,23.70833333
2003,10,9.660967742,3.530322581,144.49,65.525,8.580645161,4.107096774,112.22,91.2,9.939032258,4.441935484,153.11,151.8846377,8.308333334,8.224193548,282.4,100.6,-0.509813192,0.063613921,23.79166667
2003,11,9.193,4.446,125.79,182.735,7.966,4.218,89.64,181,9.381333333,4.650666667,131.44,188.129,13.13793103,8.03,206.4,92.85,-4.3656544,-1.548519169,23.875
2003,12,7.311290323,4.02516129,77.95,149.352,6.764193548,4.034193548,64.63,161.6,7.796129032,4.260322581,90.01,152.086,12.03833333,5.085483871,109.616,34.8,-1.63014559,-2.954087284,23.95833333
2004,1,6.859354839,3.885483871,64.32,207.833,6.332903226,3.993548387,51.07,249.6,7.631612903,4.154193548,84.44,240.735,12.31503527,4.909677419,478.2,31.75,-1.644939606,-3.776552842,24.04166667
2004,2,6.584137931,4.186551724,64.73,99.699,6.035517241,3.977241379,53.2,184.4,7.136206897,4.096896552,74.72,113.474,12.39703425,4.718965517,212.3214286,28.2,-1.402505221,-3.646909635,24.125
2004,3,7.386451613,4.619032258,74.96,96.891,6.806129032,4.619354839,58.77,107.6,7.860967742,4.842580645,88.69,98.689,13.27512077,6.321666667,116.8,44.33,-3.36360214,-1.693765099,24.20833333
2004,4,8.469,4.117666667,104.07,112.561,7.859333333,4.044666667,85.78,114.8,8.840333333,4.005666667,115.21,122.318,12.98717949,8.181666667,155.2,95.8,-1.835246362,-1.257667171,24.29166667
2004,5,8.833548387,3.037096774,118.84,48.436,9.173870968,3.05483871,129.39,64,10.03419355,3.396129032,156.06,80.973,10.96327485,10.10666667,76.30769231,158.3066667,-0.34741657,-1.818880792,24.375
2004,6,10.83,3.168333333,174.9,75.368,11.11233333,3.130666667,183.37,88.8,12.14066667,3.299,214.22,87.861,11.807041,12.23333333,157.6,217,0.336134564,-2.986769133,24.45833333
2004,7,11.9816129,2.888387097,216.43,60.506,12.27806452,2.826129032,225.62,72,13.29709677,2.737741935,257.21,61.721,9.334722222,13.19193548,118.8,253.95,-1.56901287,-1.209274154,24.54166667
2004,8,13.53580645,3.449354839,264.61,107.338,13.92032258,3.279354839,276.53,133.4,14.52096774,3.133225806,295.15,119.376,11.72557471,14.47903226,193.6,293.85,1.353955718,1.661088272,24.625
2004,9,11.56233333,3.949333333,196.87,165.223,11.942,3.906,208.26,199.8,12.386,3.874666667,221.58,174.755,12.97701149,12.03,262,210.9,-2.673482721,-3.350605472,24.70833333
2004,10,8.639032258,3.895806452,112.9,174.686,9.005806452,3.711290323,124.18,224.4,9.779677419,4.039032258,148.17,207.628,11.73706897,8.830645161,287.2,118.75,-0.133951484,0.320655113,24.79166667
2004,11,7.705,4.036333333,88.61,151.955,8.111333333,4.099666667,99.71,218.4,9.184333333,4.309666667,128.35,181.631,13.10277778,7.558333333,235.4,88.15,-1.624448867,-4.40339592,24.875
2004,12,6.841935484,5.295806452,65.95,155.372,7.280322581,5.113870968,76.83,233.8,8.342903226,5.012258065,105.05,168.228,15.67269921,6.09516129,267.2,55.75,-3.59883104,-5.287341695,24.95833333
2005,1,6.026451613,4.866774194,40.71,274.54,6.493548387,5.455483871,52.24,345.96,7.553225806,5.604516129,80.79,263.369,16.4389881,5.637096774,325.4,39.5,-1.890433309,-5.839599246,25.04166667
2005,2,4.958214286,4.127857143,15.7,76.182,5.393571429,4.121785714,22.43,125.2363636,6.473571429,4.327142857,43.54,75.446,13.57371795,4.355357143,169.8,12.55,1.151301202,-2.539039363,25.125
2005,3,6.417419355,3.579032258,58.14,79.002,6.860322581,3.727419355,69.08,96.4,7.813225806,3.732580645,92.7,91.604,11.94033816,6.598387097,196.6,67.85,0.635375977,-0.543947897,25.20833333
2005,4,6.834666667,3.952333333,60.11,63.32,7.254,3.741666667,71.9,101.4,8.277,3.932333333,100.43,95.742,13.92893112,7.483333333,219.3,82.25,-1.131189719,0.257605471,25.29166667
2005,5,7.611935484,3.322580645,80.97,70.953,7.963548387,3.346129032,91.87,107.2,8.938387097,3.481290323,122.09,102.64,10.32537879,8.403225806,107.9259259,105.9,1.392801034,-0.720640806,25.375
2005,6,10.327,3.28,159.81,95.083,10.69,2.907333333,170.7,126.8,11.61733333,2.906333333,198.52,124.114,11.17528736,11.83833333,178,205.15,-1.159255847,-0.095069081,25.45833333
2005,7,11.51354839,2.949677419,201.92,49.448,11.77612903,2.849354839,210.06,75.2,12.77741935,2.988387097,241.1,65.206,11.575,13.06451613,120.8,250,-0.644743723,-0.397766513,25.54166667
2005,8,12.35516129,3.395483871,228.01,161.811,12.61741935,3.210322581,236.14,192.6,13.66645161,3.17,268.66,167.05,11.0309265,13.49354839,240.9,263.3,-2.658349361,-2.88805563,25.625
2005,9,11.28533333,4.278333333,188.56,200.21,11.57133333,3.976,197.14,230.6,12.61933333,3.944333333,228.58,206.074,13.52232143,12.01833333,329,210.55,-4.175931808,-3.154051305,25.70833333
2005,10,10.34645161,5.498387097,165.74,126.433,10.75419355,4.612258065,178.38,151.6,11.72258065,4.263548387,208.4,136.12,14.04938272,10.67096774,232.4,175.8,-3.771653475,0.114390797,25.79166667
2005,11,7.305666667,4.566666667,76.11,139.296,7.756333333,4.429,86.62,230.8,8.831333333,4.883,115.65,167.831,14.10683761,7.088333333,259,73.25,-1.263415129,-1.951822249,25.875
2005,12,6.945882353,3.723529412,61.28882353,114.7237059,7.620645161,4.076774194,82.18,125.4,8.627741935,4.451290323,112.46,107.561,12.97030651,6.361290323,148.8,53.2,-1.890820921,-1.938980963,25.95833333
2006,1,6.746470588,4.932941176,54.97941176,194.9991176,7.132903226,4.862258065,66.12,218,8.241612903,4.940967742,100.49,144.981,15.06178161,6.3,198,49.2,-5.890495254,-2.626732449,26.04166667
2006,2,5.6685,4.405,26.306,93.4206,6.497857143,3.665,47.85,90.8,7.592857143,3.954285714,76.14,86.281,12.47916667,5.571428571,121.6,30.25,-1.790040554,-0.740314709,26.125
2006,3,4.696774194,4.465483871,19.96,125.828,5.14516129,3.777741935,28.09,159,6.20516129,4.12483871,50.43,152.869,14.15044317,4.456896552,208,17.74482759,-0.405073459,3.844829445,26.20833333
2006,4,6.007,3.396,38.55,139.699,6.496666667,4.028333333,50.34,180,7.520666667,4.159333333,77.16,161.928,13.8764881,6.731666667,233.6,60,-1.17710203,-4.415108707,26.29166667
2006,5,9.519354839,3.929354839,140.1,96.03515106,8.536774194,3.731612903,109.64,106.2,9.368709677,3.686129032,135.43,101.651,11.73232323,9.125806452,207.2,127.9,0.35609751,0.413444417,26.375
2006,6,12.538,3.080333333,226.14,67.60678886,11.23533333,2.849,187.06,103.4,11.94166667,2.742666667,208.25,85.888,10.22273074,12.53166667,115.2,225.95,-1.361233548,-1.721661449,26.45833333
2006,7,14.67451613,3.39516129,299.91,78.4728947,13.38483871,2.973870968,259.93,91.6,13.70032258,2.631612903,269.71,87.666,10.25018116,15.23709677,104.4,317.35,-3.211138886,-0.489648255,26.54166667
2006,8,13.77290323,3.041935484,271.96,42.16,12.38935484,3.089032258,229.07,86.8,12.29225806,2.815483871,226.06,75.845,10.51149425,13.79677419,122,272.7,0.391648627,-1.396091526,26.625
2006,9,14.48766667,4.003666667,284.63,92.266,13.14366667,3.647,244.31,111.6,12.99966667,3.355,239.99,108.539,10.1875,14.36333333,184,280.9,-3.428062802,-0.187751383,26.70833333
2006,10,12.32290323,4.986774194,227.01,124.215,10.92096774,4.2,183.55,180,10.94903226,3.999354839,184.42,160.95,14.13793103,11.30806452,336.8,195.55,0.145016167,1.465682595,26.79166667
2006,11,9.437666667,5.187333333,133.13,266.125,8.013666667,4.730333333,90.52,217.4,8.079,4.794333333,92.37,193.625,15.27536232,7.508333333,251.1111111,77.45,-4.693782008,-4.075646908,26.875
2006,12,8.211935484,5.302258065,99.57,242.629,7.643225806,4.816774194,81.94,280,7.702903226,5.009677419,83.79,245.661,15.01791101,7.108064516,372,71.2,-5.078114876,-3.430061512,26.95833333
2007,1,7.08483871,4.605806452,65.84,288.087,6.59516129,4.671443369,52.89,340.4,6.524193548,5.02,50.3,225.358,14.96417069,6.1,390.7,46.3,-1.803024503,-6.103549117,27.04166667
2007,2,6.765357143,4.709285714,53.43,156.175,6.217857143,4.616644916,42.63,182,5.784285714,4.827857143,29.81,152.098,13.90277778,5.9625,188.8,42.25,-3.065237162,1.129682711,27.125
2007,3,7.150322581,4.84483871,71.36,162.815,6.65,4.345509316,57.54,233.6,6.306,4.808387097,47.25433333,137.308,14.20811594,6.329032258,243.6,51.05,-1.78172836,-2.563749867,27.20833333
2007,4,9.193666667,3.467,125.81,47.839,8.95,3.255333333,118.5,54.8,9.22,3.071666667,126.6,44.722,11.05803571,9.596666667,107.6,137.9,-2.031475172,-2.029144795,27.29166667
2007,5,8.983870968,3.412580645,123.5,104.924,8.597096774,3.225483871,111.51,125.6,8.67483871,3.122903226,113.92,112.877,12.46759259,9.038709677,286.4,125.2,0.367190924,-1.091202338,27.375
2007,6,10.92666667,3.605333333,177.8,48.046,11.07966667,3.253333333,182.39,53,10.836,3.356666667,175.08,48.073,12.25529101,11.72333333,70.4,201.7,3.519912024,3.419872841,27.45833333
2007,7,11.94225806,2.787741935,215.21,99.092,11.94516129,2.824193548,215.3,135.8,12.17612903,2.889032258,222.46,125.291,10.5933908,13.45967742,170.8,262.25,1.336853746,0.22172561,27.54166667
2007,8,11.88619048,3.052258065,213.4719048,125.234,12.23586049,3.8275,222.9505393,140.6,12.25193548,3.572580645,224.81,115.244,11.69827586,13.01896552,267.2,248.587931,0.144155066,-2.311908194,27.625
2007,9,11.46850523,3.330333333,195.07226,86.223,11.07160133,3.635116444,181.8521093,109.2,11.43466667,3.537666667,193.04,81.56,11.67534722,11.19333333,215.6,185.8,-1.190556856,-3.739426609,27.70833333
2007,10,11.51271234,4.987741935,197.8890833,186.132,11.02010077,4.296878316,183.1818208,172.2,10.95516129,3.527419355,184.61,159.564,13.06547619,10.91935484,165.8,183.5,-4.691388915,-3.119220316,27.79166667
2007,11,8.787656311,4.066333333,112.8483187,143.112,8.553567919,4.586071429,103.9968711,175.5,8.631333333,4.410666667,109.61,145.773,13.15104167,7.618333333,237.8,80.05,1.053355183,-2.920212763,27.875
2007,12,7.839677419,5.924193548,88.03,195.367,6.871122572,5.149914652,60.76076732,208.2875557,7.630645161,5.120645161,81.55,141.058,15.65555556,5.869354839,253.8,39.25,-5.274852921,-3.652976499,27.95833333
2008,1,6.531612903,4.948387097,49.4,217.087,6.102028518,4.690888429,41.39687219,424.5368421,6.268064516,5.126129032,42.49,210.978,14.11132155,5.058064516,300.2,23.95,-3.031289731,-2.953346737,28.04166667
2008,2,7.070689655,5.01137931,65.68,214.691,6.290939028,4.668421053,44.48892442,248.4,6.800344828,4.688965517,58.19,158.184,15.12202381,5.606896552,247.6,34.4,-4.757134174,-5.057087904,28.125
2008,3,5.918709677,4.039032258,35.57,118.001,5.377297723,4.418387097,22.30955761,144,5.675483871,4.533870968,30.11,134.943,14.0314093,4.761290323,239.8,16.15,0.960540668,-2.431883365,28.20833333
2008,4,7.144642857,3.876,67.62857143,49.245,6.704601101,3.771333333,57.27962775,53.8,6.916333333,3.748,61.48,56.342,12.62253086,6.785,126.2,62.2,0.518492774,1.204792479,28.29166667
2008,5,10.62836544,3.481290323,174.6303187,8.04,10.29865941,3.102580645,165.5169544,10.6,10.97225806,2.815483871,185.14,10.244,10.24568965,11.24193548,25.6,193.5,0.884042638,3.833491052,28.375
2008,6,10.88512108,3.512,179.8277519,86.627,10.47890668,3.460333333,167.4882301,117,10.845,3.382333333,175.35,94.954,11.41833333,11.51166667,169.4,195.35,-0.652680106,-0.403539241,28.45833333
2008,7,13.07474147,3.349354839,250.6513684,80.405,12.82098535,3.340333333,242.9931401,86.59333333,12.52419355,3.2,233.25,72.302,11.04444444,14.02741935,117.2,279.85,0.883031642,0.810385698,28.54166667
2008,8,13.84384615,3.663225806,274.1592308,91.861,13.2325,3.247142857,255.2075,81.70714286,13.38322581,3.082580645,259.88,98.302,11.42943948,14.10322581,225.4,282.2,-0.153120294,1.890671196,28.625
2008,9,12.61133333,3.680666667,228.34,85.031,12.036,3.463,211.08,98,12.42466667,3.268333333,222.74,91.4,10.42297336,11.67666667,115,200.3,-2.367416809,-1.304690731,28.70833333
2008,10,9.339354839,4.966451613,135.9,240.392,8.784516129,4.94,119.16,276.4,9.473870968,4.951935484,139.68,204.087,16.01785714,8.051612903,389.6,97.3,-1.641209016,-4.64677357,28.79166667
2008,11,8.172666667,3.971,98.16,142.306,7.650333333,4.677333333,84.61,212.6,8.426896552,4.929655172,105.2689655,140.6193103,14.03234633,6.810344828,291.6,66.36206897,-0.165814505,-4.023607271,28.875
2008,12,7.053225806,4.216451613,63.68,146.726,6.474193548,4.15,47.99,194.4,7.32,4.473666667,71.99233333,122.7465667,11.87797619,4.835483871,183.4,23.3,-2.330693754,-4.077321344,28.95833333
2009,1,7.000645161,5.80483871,62.89,223.519,6.386129032,5.205806452,46.69,312.6,7.242258065,5.51483871,70.07,224.778,15.81561147,5.509677419,336.4,30.25,-6.544418365,-1.498429684,29.04166667
2009,2,6.761785714,4.03,61.4,71.968,6.229285714,3.953571429,52.85,92.8,6.978571429,4.013571429,65.53,76.639,12.75,5.301785714,135.6,41.7,-0.852571641,-1.4506842,29.125
2009,3,7.255483871,3.997096774,74,135.279,6.692580645,4.518064516,59.62,170.6,7.42,4.723225806,78.56,144.399,14.1394463,6.211290323,259.6,47.35,-1.833541499,-4.384728543,29.20833333
2009,4,8.901,4.256,117.03,73.368,8.306333333,3.741666667,99.19,70,8.996333333,3.634,119.89,73.483,11.06791304,8.288461538,137.2,98.65384615,-2.875260624,0.226026606,29.29166667
2009,5,9.953548387,3.875483871,153.56,90.85,9.437741935,3.632580645,137.57,111.8,10.02290323,3.563548387,155.71,97.315,12.86962366,10.16935484,204,160.25,-3.275723987,-1.001476352,29.375
2009,6,12.19366667,2.878666667,215.81,43.018,11.87933333,2.892,206.38,44.6,12.268,2.709,218.04,40.578,10.1861715,12.425,71.6,222.75,1.322278496,1.430759884,29.45833333
2009,7,13.63064516,3.416774194,267.55,149.347,13.08516129,3.138709677,250.64,166.6,13.64451613,3.123870968,267.98,147.158,10.20833333,14.34516129,264.2,289.7,-0.353184494,0.917591281,29.54166667
2009,8,13.41892857,3.682857143,260.9867857,125.7448571,12.87419355,3.819032258,244.1,140.4,13.47645161,3.750645161,262.77,129.231,11.71111111,13.98064516,242.4,278.4,-3.58833823,-1.427322027,29.625
2009,9,12.55433333,3.938666667,226.63,79.607,11.99933333,3.564333333,209.98,108.4,12.63133333,3.690333333,228.94,78.69315789,12.40694444,12.46166667,182.8,223.85,-3.101237597,-4.110020907,29.70833333
2009,10,11.00290323,4.11,186.09,135.88,10.44032258,4.128709677,168.65,161,11.0816129,4.160967742,188.53,172.6330385,12.1438172,9.79516129,262.8,148.65,-1.732460602,-0.764392899,29.79166667
2009,11,8.791666667,4.215333333,114.17,216.501,8.203,4.210333333,97.62,213.2,8.974,4.225333333,119.32,203.094,12.85,7.211666667,356.8,69.55,-3.053157759,-1.275383964,29.875
2009,12,6.582258065,4.671935484,58.47,131.259,5.956774194,4.279354839,45.89,111.6,6.880322581,4.547741935,64.83,122.543,12.53763441,4.488709677,221.2,30.35,0.277433741,0.073347102,29.95833333
2010,1,5.662258065,4.343870968,37.08,101.714,5.039677419,4.665483871,27.55,92.6,5.886774194,4.98,41.26,99.482,13.46908602,3.674193548,182,12.2,-1.10372619,0.71812938,30.04166667
2010,2,4.803571429,4.280357143,17,69.951,4.1825,3.991785714,11.26,86.4,5.003928571,3.651071429,18.75,87.665,10.8185051,3.119642857,105.4,5,1.493429991,2.373584194,30.125
2010,3,7.076774194,3.97483871,67.46,65.532,6.487741935,4.155483871,52.45,74.2,7.241935484,4.109354839,72.45,69.938,12.73431599,5.793548387,117.2,41.25,-0.756572812,-2.315013993,30.20833333
2010,4,7.801,3.592,85.29,98.903,7.284333333,3.421,71.84,102.4,7.803,3.238,84.88,97.897,11.39444444,7.02,138.2,68.6,-1.542662046,-2.39519116,30.29166667
2010,5,8.795806452,2.979354839,117.67,82.404,8.318709677,2.945483871,103.25,80.2,8.660967742,2.93,113.49,76.629,10.04569893,8.758064516,129.8,117.2,0.801976381,-0.993288832,30.375
2010,6,12.48866667,2.858,224.66,37.987,11.95866667,2.841666667,208.76,49,12.428,2.717,222.84,42.355,9.522222223,12.94833333,56,238.45,-0.558422645,-0.137788585,30.45833333
2010,7,12.95548387,3.86516129,246.62,111.556,12.39741935,3.700645161,229.32,125.8,12.98354839,3.68,247.49,121.536,12.41532258,13.41290323,218.4,260.8,-2.652433233,-1.264276305,30.54166667
2010,8,13.07193548,2.629032258,250.23,104.312,12.47806452,2.856451613,231.82,123,13.07870968,2.717096774,250.44,97.913,9.50672043,12.97580645,113.2,247.25,0.228901574,-1.492892732,30.625
2010,9,12.572,3.644333333,227.16,133.879,11.97866667,3.947666667,209.36,150.2,12.63433333,3.974666667,229.03,132.776,11.87777778,12.195,258,215.85,-0.558760122,1.217249221,30.70833333
2010,10,10.64709677,4.368709677,175.06,185.329,10.16032258,4.273870968,159.97,171.2,10.82258065,4.034193548,180.5,170.198,13.18010753,9.496774194,242.8,141,-3.120715945,-1.163044593,30.79166667
2010,11,7.023666667,4.731333333,69.17,198.383,6.393333333,4.307666667,54.52,147.6,7.251,4.552333333,73.96,169.226,13.25694444,4.881666667,179,24.95,-0.037531572,1.253220075,30.875
2010,12,5.223548387,3.085483871,38.55,97.881,4.62,3.426451613,29.94,76,5.297419355,3.532258065,37.04,83.124,9.127688172,2.327419355,77.4,11.55,0.755262503,-1.753285104,30.95833333
2011,1,6.673870968,3.67483871,64.05,123.024,6.146129032,3.626129032,52.52,131.6,6.653225806,3.74483871,63.8,128.033,10.99731183,4.516129032,208.2,23.35,-2.153216371,-3.156282899,31.04166667
2011,2,7.1225,5.011071429,60.11,167.236,6.552857143,4.823928571,45.5,165.2,7.058571429,5.210357143,58.04,133.563,14.01190476,5.691071429,164.4,28.65,-5.17049585,-1.514861205,31.125
2011,3,7.18516129,3.873225806,74.68,94.682,6.624516129,3.867741935,61.44,125.2,7.057096774,3.612903226,70.1,98.104,12.8851683,6.027419355,182,48.5,-3.184716306,-2.482503578,31.20833333
2011,4,9.542666667,3.855333333,136.28,78.194,9.113,3.444,123.39,63.6,9.114666667,3.399666667,123.44,56.34,12.0875,9.753333333,103.6,142.6,-4.380665418,-2.104574297,31.29166667
2011,5,9.82,4.007096774,149.42,168.043,9.288709677,4.237419355,132.95,199,9.572258065,4.220967742,141.74,173.748,13.35887097,10.04193548,272.4,156.3,-3.007346993,-2.281835038,31.375
2011,6,10.624,3.507,168.72,86.232,10.05833333,3.318,151.75,126,10.12266667,3.384666667,153.68,104.811,10.85555556,11.225,140.8,186.75,-0.813677386,0.26857661,31.45833333
2011,7,12.59612903,2.78483871,235.48,52.659,12.0083871,2.776774194,217.26,54.2,12.11290323,2.774516129,220.5,49.05,9.323924731,13.20645161,88.8,254.4,1.310497091,1.128608206,31.54166667
2011,8,12.66935484,2.982903226,237.75,69.957,12.05677419,3.066129032,218.76,92.8,12.32548387,3.087419355,227.09,81.762,9.926075269,12.78548387,154.8,241.35,-0.336878101,-0.739149155,31.625
2011,9,12.40766667,4.442666667,222.23,193.367,11.846,4.081333333,205.38,206.8,11.818,4.026333333,204.54,184.185,13.12083333,12.675,286.2,230.25,-4.227281423,-1.382065893,31.70833333
2011,10,10.56419355,5.057741935,172.49,245.649,9.997741935,4.642903226,154.93,228.4,10.25419355,4.468709677,162.88,203.094,15.18682796,9.851612903,295.6,150.8,-4.673675494,-2.715156915,31.79166667
2011,11,10.196,5.803666667,155.88,182.303,9.612333333,5.492333333,138.37,166,10.06833333,5.515666667,152.05,129.426,14.39027778,9.081666667,272.6,122.45,-5.616311599,-1.181231043,31.875
2011,12,6.406129032,4.438064516,49.42,246.838,5.893548387,4.926451613,37.8,299.2,6.653225806,5.29483871,55.53,225.561,15.36827957,4.730645161,395.8,26.6,-3.381634361,-5.985578528,31.95833333
2012,1,6.806774194,4.76,57.89,171.874,6.249677419,5.355483871,43.82,239.4,7.057741935,5.541612903,64.91,182.03,15.39919355,5.279032258,291,26,-3.443220052,-4.467181067,32.04166667
2012,2,7.814827586,4.743103448,83.68,114.777,7.318275862,4.825172414,70.82,117,7.993793103,4.872758621,88.19,96.721,15.15373563,6.546551724,131.6,53.7,-4.32486838,-4.495247863,32.125
2012,3,8.557419355,4.337096774,110.64,77.786,8.027741935,4.109677419,95.15,86.4,8.597419355,4.138387097,111.79,64.618,13.28985507,8.158064516,113.4,99.05,-4.13828849,-2.888221426,32.20833333
2012,4,7.142333333,3.494333333,66.24,86.626,6.567333333,3.463333333,51.17,88.6,7.197666667,3.54,67.66,87.084,11.43472222,6.373333333,170.6,48.1,3.226487544,1.219029353,32.29166667
2012,5,9.087741935,3.799354839,126.72,46.433,8.700322581,3.677419355,115.63,51,8.947419355,3.599032258,122.37,46.494,11.63172043,8.827419355,86.4,120.65,2.871957907,0.78420797,32.375
2012,6,10.513,3.627,165.39,50.252,10.03266667,3.117333333,150.98,63.8,10.20133333,2.975666667,156.04,51.412,11.34722222,10.96166667,74,178.85,3.360584427,3.491037875,32.45833333
2012,7,11.90645161,3.529354839,214.1,68.338,11.3716129,3.346774194,197.52,81.2,11.74064516,3.318387097,208.96,68.35675444,12.12231183,12.5516129,98.8,234.1,1.448371564,-0.652160944,32.54166667
2012,8,13.45774194,3.250645161,262.19,82.824,13.06870968,3.21483871,250.13,102.6,13.23806452,3.114193548,255.38,111.8600271,9.908602151,13.98064516,193.2,278.4,-0.863361967,1.447284297,32.625
2012,9,11.56966667,4.351,197.09,127.022,11.05066667,4.485,181.52,148.8,11.15566667,4.498,184.67,126.869,14.78194444,10.97833333,257.2,179.35,-2.242402712,-3.893159109,32.70833333
2012,10,9.106774194,2.921612903,127.31,76.177,8.541290323,3.113548387,109.92,97.8,8.808387097,3.094516129,118.06,79.59,9.143817205,7.5,201.6,79.7,1.20610234,-1.148194804,32.79166667
2012,11,7.726333333,4.257,81.79,125.433,7.178666667,4.042333333,65.36,133.4,7.500869565,4.197666667,75.02608696,126.67,12.43888889,6.165,258.2,45.05,-3.006554172,-2.472815507,32.875
2012,12,6.616774194,4.482580645,50.59,247.827,6.002258065,4.519677419,35.48,284.8,6.572258065,4.788064516,49.04,203.299,13.02688172,4.467741935,313.8,16.75,-1.432656351,-0.247949403,32.95833333
2013,1,6.804516129,5.002258065,61.22,177.898,6.221935484,4.963225806,49.18,197.8,6.606129032,5.402903226,55.11,155.04,14.86424731,5.185483871,215,32.9,-4.666332696,-0.392656242,33.04166667
2013,2,6.215,4.2825,39.13,82.822,5.659642857,4.633214286,29.75,157.4,6.096071429,5.247142857,36.06,94.174,12.0014881,4.564285714,143,15.8,-1.688034434,-1.433978633,33.125
2013,3,4.894193548,4.92,19.13,47.038,4.237741935,4.338064516,12.48,51.6,4.781935484,4.013225806,15.25,51.815,14.29136473,3.991935484,72.6,11.3,-0.258989999,5.020223105,33.20833333
2013,4,6.415333333,4.065,48.36,94.288,5.815666667,3.964333333,35.27,93,6.635666667,3.938666667,54.08,105.203,12.74583333,5.623333333,190,37.1,-2.135055805,-1.507810257,33.29166667
2013,5,8.428709677,3.494193548,107.15,76.181,7.907096774,3.72,91.65,60.8,8.629032258,3.725483871,113.21,71.32,12.12903226,8.429032258,197.4,107.35,0.403242415,-0.693830778,33.375
2013,6,11.421,2.934,192.63,62.313,10.96566667,3.153,178.97,59.6,11.59833333,3.024,197.95,67.177,10.34583333,11.80166667,69.6,204.05,-0.520669263,-0.799884853,33.45833333
2013,7,13.79483871,2.523548387,272.64,55.077,13.54645161,2.646774194,264.94,40.8,14.03451613,2.592258065,280.07,43.736,8.948924731,14.85,89,305.35,-2.960876026,-1.174772322,33.54166667
2013,8,13.24354839,3.501290323,255.55,100.298,12.71806452,3.293225806,239.26,115.8,13.16225806,3.337419355,253.03,101.058,11.48685133,13.77903226,207.8,272.15,-3.625522236,-2.024308845,33.625
2013,9,11.90633333,3.316,207.19,138.896,11.40666667,3.475,192.2,148,11.703,3.391,201.09,121.552,11.20552811,11.50166667,145.8214286,195.05,-1.62834093,-2.33031018,33.70833333
2013,10,10.84225806,3.603548387,181.11,155.578,10.28677419,3.61,163.89,182.8,10.59258065,3.648064516,173.37,159.176,10.91801075,10.21290323,271.2,161.6,-1.793396504,-0.33105211,33.79166667
2013,11,7.874,3.737666667,86.9,104.524,7.331333333,4.134666667,72.17,117,7.728,4.466333333,82.91,101.455,13.10555556,6.036666667,257.6,40.85,-1.086979143,-5.068811856,33.875
2013,12,7.408064516,6.358387097,78.55,399.191,6.846451613,5.885806452,64.01,443.8,7.308709677,5.861612903,75.96,290.162,18.17607527,6.385483871,480.8,53.05,-6.095530991,-3.705123507,33.95833333
2014,1,6.936774194,4.782903226,60.04,202.205,6.288064516,4.666129032,40.27,182.2,6.856451613,5.180645161,57.55,188.907,15.11424731,5.417741935,281,20.55,-5.800354355,1.314079723,34.04166667
2014,2,6.392857143,5.041785714,40.27,145.346,5.7725,4.889642857,25.6,142,6.248214286,5.138214286,36.42,149.114,15.31994048,5.171428571,307,19.6,-4.057858097,-0.592343552,34.125
2014,3,7.414516129,4.763548387,74.85,131.669,6.911290323,4.523870968,61.32,131.2,7.277096774,4.621612903,71,108.933,15.55101683,6.85,210.8,60.95,-4.214082482,-2.516307446,34.20833333
2014,4,8.872333333,3.888333333,116.17,80.204,8.384666667,3.562333333,101.54,99,8.614333333,3.663,108.43,89.045,12.30833333,8.666666667,170.6,110,-1.650930298,-0.037101392,34.29166667
2014,5,9.868064516,3.532258065,150.91,80.002,9.304516129,3.187419355,133.44,77.6,9.528064516,3.144193548,140.37,74.068,10.71908602,10.05967742,123.2,156.85,-0.074994097,1.468178038,34.375
2014,6,12.80033333,2.596333333,234.01,73.972,12.27733333,2.709,218.32,70.4,12.588,2.514666667,227.64,60.271,8.902777778,13.47,101.6,254.1,-0.016582515,-0.04330298,34.45833333
2014,7,14.15290323,2.788709677,283.74,125.5488519,13.66516129,2.858387097,268.62,132,13.91645161,2.723225806,276.41,106.374,9.038978495,15.16451613,130.6,315.1,-2.638730489,-0.925657779,34.54166667
2014,8,12.79483871,3.134193548,241.64,120.2524444,12.20032258,3.613548387,223.21,154,13.03645161,3.562580645,249.13,145.582,11.66263441,13.10322581,282.2,251.2,1.139321659,-0.835821875,34.625
2014,9,13.213,2.879,246.39,28.14,12.711,2.957,231.33,37.8,13.91166667,2.759333333,267.35,37.824,8.826149425,12.88666667,92.48275862,236.6,-1.429355632,-1.619568245,34.70833333
2014,10,10.68580645,4.937419355,176.26,236.19,10.11258065,4.607419355,158.49,231.2,11.40903226,4.547741935,198.68,221.221,14.02083333,9.814516129,397.2,149.25,-3.209967685,-0.986350936,34.79166667
2014,11,9.828666667,4.186666667,144.86,123.014,9.166333333,4.006,124.99,117.6,10.53333333,4.243,166,118.395,11.24722222,8.215,176.4,96.45,-2.884498316,1.727956364,34.875
2014,12,6.676451613,4.870967742,54.7,185.534,6.129032258,5.124516129,41.25,240.6,7.350645161,5.149677419,73.44,202.51,15.14650538,4.822580645,334.8,24.5,-3.056080161,-6.360057188,34.95833333
2015,1,5.682580645,5.333225806,34.04,299.526,5.109354839,5.699032258,24.81,315,6.466451613,5.700602988,50.54,239.749,18.64475222,4.459677419,408.1666667,17.15,-3.391084704,-6.138896871,35.04166667
2015,2,6.211071429,4.428928571,41.75,157.19,5.648928571,4.578214286,31.38,138.2,6.955714286,4.833358206,57.71,143.611,14.69494048,5.019642857,216.2,23.65,-3.594702444,-3.94338432,35.125
2015,3,6.437419355,4.677419355,49.19,217.292,5.828064516,4.967741935,33.92,267.4,7.182580645,4.690814664,69.25,188.152,14.58409303,5.298387097,349.5517241,22.95,-4.707413812,-3.785360355,35.20833333
2015,4,7.418333333,3.130666667,74.88,59.698,6.883333333,3.394,62.45,70.2,8.101666667,3.598729134,93.48,68.751,11.21388889,6.855,139.8,63.85,-1.448700698,-2.348203045,35.29166667
2015,5,8.15,3.736129032,97.65,99.696,7.51516129,4.073870968,78.49,135,8.835806452,3.876666667,118.91,135.33,13.63575269,8.038709677,238.4,95.95,-1.414940176,-2.446699168,35.375
2015,6,9.942333333,3.267666667,148.27,111.763,9.351666667,3.508333333,130.55,128.2,10.631,3.305,168.93,95.47269231,11.15694444,10.51833333,202.4,165.55,-1.734063989,-1.730069653,35.45833333
2015,7,11.7216129,3.152903226,208.37,137.885,11.23580645,3.128387097,193.31,187.2,12.5083871,2.899354839,232.76,224.843,10.0547569,12.46451613,223.6133333,231.4,-0.568506203,0.4411188,35.54166667
2015,8,12.70096774,4.263870968,238.73,86.231,12.17225806,3.859032258,222.34,105.4,12.99322581,3.42,247.79,100.467,11.25537634,13.15,176.8,252.65,-4.212989606,-0.411235404,35.625
2015,9,11.99233333,3.593,209.77,43.219,11.382,3.521,191.46,58.8,11.98566667,3.532333333,209.57,50.623,11.00555556,11.63333333,72.6,199,-1.60497349,-1.334797294,35.70833333
2015,10,11.27967742,4.431612903,194.67,118.389,10.68612903,4.083870968,176.27,127.2,11.24129032,3.903225806,193.48,77.609,11.13709677,10.65967742,141.8,175.45,-4.202488712,-1.541149197,35.79166667
2015,11,8.479,4.742,105.88,226.331,7.91,4.746666667,90.81,216.4,8.51,5.060333333,106.52,203.694,14.65694444,7.455,309.6,83.45,-3.622939157,-4.773944719,35.875
2015,12,7.705483871,6.137419355,83.87,298.09,7.070322581,5.454516129,64.92,293.6,7.746451613,5.583870968,85.61,260.238,16.60875409,6.630645161,528.6,60.95,-6.068684447,-2.750062327,35.95833333
2016,1,6.453225806,5.608064516,48.32,195.372,5.798387097,5.433548387,33.89,262.2,6.548064516,5.680967742,50.27,243.683,15.78629032,4.959677419,271.6,30.1,-2.513801938,0.745571748,36.04166667
2016,2,5.595172414,4.790689655,22.69,281.045,4.978965517,4.678275862,13.1,364.2,5.607931034,4.66,23.07,221.04,14.32614943,4.025862069,286.8,7.8,-2.679584272,-2.373282707,36.125
2016,3,6.780645161,3.395483871,58.63,143.521,6.247419355,3.290967742,45.71,136.8,6.701612903,2.970967742,56.22,134.346,10.62447405,5.835483871,195.7133333,39.85,-1.361662681,-1.694264387,36.20833333
2016,4,6.760333333,3.807333333,58.4,102.519,6.129666667,3.631666667,43.92,89.2,6.720666667,3.673,57.56,89.833,11.79722222,6.383333333,109.8,48.95,1.749112358,-0.644636379,36.29166667
2016,5,9.986129032,4.041290323,154.57,87.642,9.52483871,3.482258065,140.27,79.8,9.863870968,3.307096774,150.78,69.341,11.97238514,9.690322581,130.2,145.4,0.593253491,0.790418318,36.375
2016,6,12.21733333,3.162,216.52,76.584,11.843,2.871,205.29,82.6,12.13166667,2.740333333,213.95,70.731,10.84468599,12.42,160.2,222.6,0.613619366,1.642107485,36.45833333
2016,7,12.76129032,2.583548387,240.6,134.277,12.14129032,2.828709677,221.38,146.2,12.75419355,2.871935484,240.38,125.682,9.788978495,13.22258065,289.4,254.9,-2.156385199,-3.027931996,36.54166667
2016,8,13.51290323,3.527741935,263.9,148.144,12.97064516,3.422580645,247.09,162.8,13.66548387,3.352580645,268.63,138.093,10.29569892,13.65,183.4,268.15,-1.877101079,-1.440731358,36.625
2016,9,12.87533333,4.991666667,236.26,240.802,12.267,4.356666667,218.01,180,13.117,4.121333333,243.51,187.946,13.52638889,12.83333333,281.8,235,-5.796286291,-1.864423608,36.70833333
2016,10,11.41451613,4.143548387,198.85,62.516,10.7416129,4.115483871,177.99,61.8,11.66870968,4.385806452,206.73,55.755,10.06317204,10.08709677,75.4,157.7,-2.654431339,0.763829907,36.79166667
2016,11,8.061,3.642333333,92.37,142.728,7.508333333,3.897,76.95,129.4,8.491,4.049666667,104.95,128.236,11.21666667,5.971666667,193.4,46.3,-0.91603704,-2.895863327,36.875
2016,12,8.664516129,5.944193548,113.87,304.512,8.053548387,5.379677419,96.45,270.8,9.023225806,5.356451613,124.75,183.393,16.35349462,7.243548387,222.8,78.7,-5.805239032,-4.395972189,36.95833333
2017,1,7.61483871,5.262258065,84.8,149.34,7.047096774,5.241935484,69.31,167,8.013548387,5.141935484,95.92,116.83,14.80376344,6.322580645,134,56.5,-3.429552428,-3.721926472,37.04166667
2017,2,7.113928571,4.403571429,60.33,104.925,6.459285714,4.596071429,45.42,116.2,7.507142857,4.76,70.63,109.921,13.22321429,5.916071429,214.4,39.9,-3.916025716,-0.644413392,37.125
2017,3,7.393225806,3.951935484,76.11,102.116,6.827419355,3.693548387,60.94,112,7.782258065,3.825806452,87.08,114.646,12.37944133,6.55483871,219,55.55,-2.992410889,-1.930608288,37.20833333
2017,4,7.926333333,3.688666667,88.3,74.771,7.271333333,4.167333333,70.07,89.4,8.295333333,4.238666667,98.9,86.282,14.20652174,7.545,142.5517241,78.75,-0.809470683,-4.023146857,37.29166667
2017,5,10.57,3.718064516,172.67,76.793,10.01354839,3.32516129,155.42,72,10.8316129,3.068709677,180.78,70.724,10.41129032,11.16129032,86.2,191,-1.713869072,1.539679362,37.375
2017,6,11.79333333,4.026333333,203.8,102.325,11.14866667,3.631,184.46,100.4,12.09766667,3.420333333,212.93,109.8126316,12.64722222,12.49,111.6,224.7,-1.565731141,-0.550578476,37.45833333
2017,7,13.0016129,3.165483871,248.05,80.211,12.37677419,3.196451613,228.68,103.2,13.30322581,2.922258065,257.4,94.18813158,10.54435484,13.37580645,148.8,259.65,-1.833669746,-0.909324198,37.54166667
2017,8,13.45806452,3.311935484,262.2,136.072,12.81387097,3.358709677,242.23,154.4,13.78645161,3.281290323,272.38,152.071,10.41801075,13.7016129,227.6,269.75,-1.723006768,-1.36575693,37.625
2017,9,12.495,3.895333333,224.85,80.603,11.858,4.050666667,205.74,74.6,12.69533333,4.255333333,230.86,84.704,11.36681286,12.23166667,226.7586207,216.95,-1.876706316,-0.886046552,37.70833333
2017,10,10.90774194,4.393870968,183.14,173.867,10.32096774,4.590645161,164.95,205,11.18741935,4.596451613,191.81,185.179,14.11962366,10.26612903,310,163.25,-2.377026126,-3.260520074,37.79166667
2017,11,7.030666667,4.033333333,65.21,172.278,6.458,4.560333333,51.24,176.8,7.395333333,4.677666667,73.47,180.256,13.95138889,5.503333333,367.2,32.1,0.530087701,-4.200021534,37.875
2017,12,6.698709677,3.629677419,63.14,138.897,6.170967742,4.127419355,53.45,152.2,7.055483871,4.153870968,69.76,152.488,13.15673212,5.008064516,269.6,42.05,-0.664239572,-4.058263322,37.95833333
2018,1,6.005806452,4.816129032,40.44,181.111,5.394193548,4.95,25.82,184.2,6.319032258,5.186451613,47.91,194.643,13.23521505,3.982258065,324.6,14.1,-3.531056969,-2.284858846,38.04166667
2018,2,5.255357143,4.760714286,24.04,176.499,4.635714286,4.759285714,14.54,131,5.652142857,5.0275,31.07,142.019,13.25744048,3.614285714,161.4,5.95,-3.443002308,-2.304667157,38.125
2018,3,5.258387097,5.430967742,27.2,71.353,4.570322581,4.818387097,17.33,99.2,5.564193548,4.71,32.7,92.384,14.12133507,4.45483871,146.7333333,15.25,-1.244755604,3.915469859,38.20833333
2018,4,7.646666667,4.194666667,82.91,65.538,7.085333333,3.876666667,69.16,81.2,7.943333333,3.537,90.29,84.71,10.9870773,7.806666667,142.7586207,91.5,-1.703035714,0.670499712,38.29166667
2018,5,10.35322581,4.096451613,165.95,87.635,9.944516129,3.712580645,153.28,86.6,10.60064516,3.419354839,173.62,79.39,11.14247312,10.47096774,92,169.6,-2.549271499,-0.334149983,38.375
2018,6,12.19066667,2.610333333,215.72,49.246,11.801,2.684666667,204.03,50.4,12.32166667,2.582333333,219.65,48.071,9.821651674,12.78666667,78.20689655,233.6,-0.506970905,-1.047378803,38.45833333
2018,7,13.48483871,3.161935484,263.03,67.731,12.87225806,2.978709677,244.04,91,13.59096774,2.765483871,266.32,74.268,9.485215054,14.35967742,119.2,290.15,-2.606088539,-1.549175098,38.54166667
2018,8,12.77580645,3.340322581,241.05,104.127,12.16419355,2.961935484,222.09,121.6,12.98483871,3.033870968,247.53,113.476,10.75268817,13.02096774,151.6,248.65,-3.195214001,-2.460221667,38.625
2018,9,11.163,3.829666667,184.89,121.623,10.545,3.748666667,166.35,147.4,11.42333333,3.898333333,192.7,138.488,12.39836957,10.64,357,169.2,-2.11453508,-4.555162962,38.70833333
2018,10,9.750967742,4.662903226,147.28,55.89,9.110322581,4.46483871,127.42,149.6,10.1316129,4.579032258,159.08,136.72,14.1723352,9.040322581,289.4,125.65,-3.170888138,-3.716109168,38.79166667
2018,11,9.113,5.613333333,123.39,22.914,8.405,5.011,102.15,135.8,9.565,5.084,136.95,134.358,14.45694444,8.366666667,155.6,101.95,-5.151746165,1.312425747,38.875
2018,12,7.881935484,4.183870968,89.34,208.25,7.270322581,4.144516129,70.52,227.2,8.312903226,4.63516129,102.7,234.231,12.90188172,6.520967742,261.4,60.45,-4.1662007,-2.010681666,38.95833333
2019,1,6.552903226,3.580645161,58.21,109.754,5.962258065,4.073870968,46.01,173.4,7.070967742,4.137096774,70.35,137.704,11.47849462,4.64516129,224.6,31.9,0.144641824,-3.638174972,39.04166667
2019,2,7.862142857,5.277142857,83.2,130.238,7.296785714,4.7775,68.4,133.8,8.320714286,4.444642857,94.96,136.123,13.89814815,6.778571429,251.8,67.45,-4.674556062,-3.01335393,39.125
2019,3,7.068387097,4.445806452,66.83,163.819,6.460322581,4.527741935,50.04,207,7.505806452,4.572958768,79.18,181.24,15.16000468,6.062903226,274.2,41.7,-2.197757887,-5.227340904,39.20833333
2019,4,8.693666667,4.315333333,111.13,51.656,8.147333333,4.123,95.44,51.4,9.060333333,4.614736842,121.81,60.679,10.70138889,9.143333333,91,125.35,-1.608335436,2.838939943,39.29166667
2019,5,8.850967742,2.915806452,119.38,81.397,8.272903226,2.823548387,101.61,105,9.132580645,2.876451613,128.11,105.984,10.14112903,8.806451613,125.4,118,1.796600195,0.41966355,39.375
2019,6,10.94333333,3.267666667,178.3,75.374,10.366,3.227,160.98,101.2,11.28433333,3.115,188.53,94.561,11.41527778,11.75,155.2,202.5,0.306362758,0.093993603,39.45833333
2019,7,13.72677419,2.518387097,270.53,102.914,13.20612903,2.788387097,254.39,131.8,13.97129032,2.548387097,278.11,114.27,9.168010753,14.8983871,179.2,306.85,-1.416421,-1.72524922,39.54166667
2019,8,13.59935484,3.802580645,266.58,155.771,13.03483871,3.507096774,249.08,166.2,13.94096774,3.274516129,277.17,171.009,11.49865591,13.90806452,379.8,276.15,-0.81467933,-0.783376179,39.625
2019,9,12.60733333,3.477333333,228.22,117.597,12.01633333,3.513333333,210.49,161.2,12.979,3.336,239.37,146.771,11.01867816,12.23,193.2,216.9,-0.987850968,-2.922164726,39.70833333
2019,10,9.949677419,4.128387097,153.44,122.207,9.294516129,4.232580645,133.13,145.6,10.31258065,4.443225806,164.69,141.446,12.5188172,8.975806452,247.6,123.85,-1.261658621,-1.042653634,39.79166667
2019,11,7.582666667,4.710666667,77.48,58.284,6.871333333,4.147,57.2,72.2,8.046333333,4.388333333,91.39,74.264,12.08055556,6.198333333,109.2,51.8,1.86799569,3.752750576,39.875
2019,12,7.693548387,5.035806452,83.96,227.927,7.085483871,4.638387097,66.53,223.2,8.15,4.550967742,97.65,212.961,13.42069892,6.016129032,273.6,49.5,-3.545814813,-3.277550268,39.95833333
2020,1,7.590645161,6.218709677,81.48,260.102,6.996129032,5.513870968,64.38,296,8.132580645,5.622258065,97.72,237.971,NA,NA,NA,NA,NA,NA,40.04166667
2020,2,5.864482759,5.450689655,29.78,197.996,5.217586207,5.469655172,19.17,322.2,6.367931034,5.92,41.67,219.659,NA,NA,NA,NA,NA,NA,40.125
